,Team,Score,Overs,RPO,Lead,Inns,Result,Unnamed: 7,Opposition,Ground,Start Date,Unnamed: 11,ha
0,India,759/7d,190.4,3.98,282,2,won,,v England,Chennai,16 Dec 2016,,home
1,India,726/9d,163.3,4.44,333,2,won,,v Sri Lanka,Mumbai (BS),2 Dec 2009,,home
2,India,687/6d,166.0,4.13,687,1,won,,v Bangladesh,Hyderabad (Deccan),9 Feb 2017,,home
3,India,676/7,167.1,4.04,256,2,draw,,v Sri Lanka,Kanpur,17 Dec 1986,,home
4,India,657/7d,178.0,3.69,383,3,won,,v Australia,Kolkata,11 Mar 2001,,home
5,India,649/9d,149.5,4.33,649,1,won,,v West Indies,Rajkot,4 Oct 2018,,home
6,India,644/7d,189.4,3.39,644,1,draw,,v West Indies,Kanpur,2 Feb 1979,,home
7,India,643/6d,153.0,4.2,347,2,won,,v South Africa,Kolkata,14 Feb 2010,,home
8,India,642,154.0,4.16,642,1,won,,v Sri Lanka,Kanpur,24 Nov 2009,,home
9,India,633/5d,159.0,3.98,400,2,won,,v Australia,Kolkata,18 Mar 1998,,home
10,India,631/7d,151.2,4.16,631,1,won,,v West Indies,Kolkata,14 Nov 2011,,home
11,India,631,182.3,3.45,231,2,won,,v England,Mumbai,8 Dec 2016,,home
12,India,627,155.1,4.04,87,2,draw,,v South Africa,Chennai,26 Mar 2008,,home
13,India,626,150.2,4.16,626,1,draw,,v Pakistan,Bengaluru,8 Dec 2007,,home
14,India,616/5d,152.5,4.03,616,1,draw,,v Pakistan,Kolkata,30 Nov 2007,,home
15,India,613/7d,161.0,3.8,613,1,draw,,v Australia,Delhi,29 Oct 2008,,home
16,India,610/6d,176.1,3.46,405,2,won,,v Sri Lanka,Nagpur,24 Nov 2017,,home
17,India,609/6d,155.5,3.9,609,1,draw,,v Zimbabwe,Nagpur,25 Nov 2000,,home
18,India,603/9d,210.0,2.87,152,2,draw,,v Australia,Ranchi,16 Mar 2017,,home
19,India,591,189.3,3.11,244,2,won,,v England,Mumbai,19 Feb 1993,,home
20,India,583/7d,167.0,3.49,583,1,draw,,v New Zealand,Ahmedabad,29 Oct 1999,,home
21,India,572,154.3,3.7,192,2,won,,v Australia,Chennai,22 Feb 2013,,home
22,India,570/7d,184.5,3.08,283,2,won,,v Zimbabwe,Nagpur,21 Feb 2002,,home
23,India,566/8d,142.2,3.97,566,1,draw,,v West Indies,Delhi,24 Jan 1979,,home
24,India,566/6d,131.0,4.32,220,2,draw,,v Sri Lanka,Chennai,17 Sep 1982,,home
25,India,566/8d,165.0,3.43,373,2,won,,v New Zealand,Nagpur,20 Nov 2010,,home
26,India,565,172.2,3.27,35,2,draw,,v West Indies,Kolkata,26 Dec 1987,,home
27,India,560/6d,165.0,3.39,560,1,won,,v England,Chennai,11 Feb 1993,,home
28,India,557/5d,169.0,3.29,557,1,won,,v New Zealand,Indore,8 Oct 2016,,home
29,India,553/8d,165.0,3.35,553,1,draw,,v England,Kanpur,31 Jan 1985,,home
30,India,546/9d,155.0,3.52,546,1,draw,,v West Indies,Nagpur,1 Dec 1994,,home
31,India,541/6d,161.0,3.36,541,1,won,,v Sri Lanka,Bengaluru,26 Jan 1994,,home
32,India,539/9d,227.0,2.37,91,2,draw,,v Pakistan,Chennai,13 Jan 1961,,home
33,India,537/3d,177.0,3.03,537,1,won,,v New Zealand,Chennai,6 Jan 1956,,home
34,India,536/7d,132.0,4.06,536,1,won,,v Zimbabwe,Delhi,13 Mar 1993,,home
35,India,536/7d,127.5,4.19,536,1,draw,,v Sri Lanka,Delhi,2 Dec 2017,,home
36,India,531/7d,241.5,2.19,81,2,draw,,v New Zealand,Delhi,16 Dec 1955,,home
37,India,527/9d,170.0,3.1,40,2,draw,,v Pakistan,Chennai,3 Feb 1987,,home
38,India,524/9d,168.0,3.11,524,1,draw,,v New Zealand,Kanpur,18 Nov 1976,,home
39,India,521/8d,160.0,3.25,521,1,won,,v England,Ahmedabad,15 Nov 2012,,home
40,India,517/5d,170.0,3.04,172,2,draw,,v Australia,Mumbai,15 Oct 1986,,home
41,India,516,147.4,3.49,204,2,draw,,v Pakistan,Mohali,8 Mar 2005,,home
42,India,515/9d,206.5,2.48,146,2,draw,,v Sri Lanka,Mohali,19 Nov 1997,,home
43,India,512,162.1,3.15,512,1,draw,,v Sri Lanka,Mumbai,3 Dec 1997,,home
44,India,511,161.5,3.15,511,1,won,,v Sri Lanka,Lucknow,18 Jan 1994,,home
45,India,510/7d,144.2,3.53,510,1,draw,,v Australia,Delhi,13 Oct 1979,,home
46,India,505/3d,183.0,2.75,373,3,draw,,v New Zealand,Mohali,10 Oct 1999,,home
47,India,503,154.1,3.26,266,2,won,,v Australia,Hyderabad (Deccan),2 Mar 2013,,home
48,India,501,165.0,3.03,110,2,won,,v Australia,Chennai,18 Mar 2001,,home
49,India,500/5d,159.0,3.14,500,1,draw,,v New Zealand,Ahmedabad,8 Oct 2003,,home
50,India,499,132.1,3.77,91,2,won,,v Australia,Mohali,14 Mar 2013,,home
51,India,498/4d,175.1,2.84,498,1,draw,,v New Zealand,Hyderabad (Deccan),19 Nov 1955,,home
52,India,495,144.5,3.41,17,2,won,,v Australia,Bengaluru,9 Oct 2010,,home
53,India,495,108.0,4.58,313,2,won,,v West Indies,Mumbai,14 Nov 2013,,home
54,India,488,162.0,3.01,-49,2,draw,,v England,Rajkot,9 Nov 2016,,home
55,India,487,160.1,3.04,11,2,draw,,v England,Delhi,23 Dec 1981,,home
56,India,487,151.5,3.2,487,1,draw,,v New Zealand,Ahmedabad,4 Nov 2010,,home
57,India,485/9d,139.0,3.48,485,1,draw,,v England,Mumbai (BS),14 Dec 1951,,home
58,India,485,155.0,3.12,485,1,draw,,v Sri Lanka,Nagpur,26 Nov 1997,,home
59,India,482,135.4,3.55,-108,2,draw,,v West Indies,Mumbai,22 Nov 2011,,home
60,India,481/4d,152.1,3.16,481,1,draw,,v England,Chennai,13 Jan 1982,,home
61,India,474,104.5,4.52,474,1,won,,v Afghanistan,Bengaluru,14 Jun 2018,,home
62,India,472,143.4,3.28,122,2,draw,,v New Zealand,Hyderabad (Deccan),12 Nov 2010,,home
63,India,471/8,159.0,2.96,332,3,draw,,v West Indies,Kolkata,30 Oct 2002,,home
64,India,469,169.0,2.77,231,2,won,,v England,Mohali,3 Dec 2001,,home
65,India,469,129.0,3.63,469,1,won,,v Australia,Mohali,17 Oct 2008,,home
66,India,467/8d,198.0,2.35,467,1,draw,,v England,Kanpur,1 Dec 1961,,home
67,India,466,177.3,2.62,466,1,draw,,v England,Delhi,13 Dec 1961,,home
68,India,466,134.4,3.46,-44,2,draw,,v South Africa,Kanpur,20 Nov 2004,,home
69,India,465/8d,113.4,4.09,203,2,won,,v New Zealand,Delhi,19 Mar 1965,,home
70,India,465/8d,137.0,3.39,270,2,won,,v England,Mumbai,28 Nov 1984,,home
71,India,465/8d,163.3,2.84,465,1,draw,,v Pakistan,Jaipur,21 Feb 1987,,home
72,India,464,122.1,3.79,464,1,draw,,v West Indies,Delhi,29 Oct 1983,,home
73,India,463,158.0,2.93,463,1,draw,,v Pakistan,Delhi,8 Feb 1961,,home
74,India,463/4,165.0,2.8,356,3,draw,,v England,Delhi,8 Feb 1964,,home
75,India,463/5d,154.4,2.99,254,3,draw,,v New Zealand,Mumbai (BS),12 Mar 1965,,home
76,India,463,142.5,3.24,463,1,draw,,v West Indies,Mumbai,24 Nov 1983,,home
77,India,458/8d,149.0,3.07,458,1,won,,v Australia,Mumbai,3 Nov 1979,,home
78,India,458/4d,142.4,3.21,36,2,won,,v Zimbabwe,Delhi,18 Nov 2000,,home
79,India,457/9d,153.0,2.98,191,2,won,,v England,Chennai,6 Feb 1952,,home
80,India,457/7d,162.0,2.82,457,1,draw,,v England,Chennai,10 Jan 1964,,home
81,India,457/5d,144.0,3.17,124,2,draw,,v Australia,Bengaluru,19 Sep 1979,,home
82,India,457,163.5,2.78,457,1,won,,v West Indies,Mumbai,9 Oct 2002,,home
83,India,455,129.4,3.5,455,1,won,,v England,Visakhapatnam,17 Nov 2016,,home
84,India,454,158.4,2.86,-177,2,draw,,v West Indies,Delhi,10 Nov 1948,,home
85,India,453,158.2,2.86,453,1,draw,,v England,Mohali,19 Dec 2008,,home
86,India,453,129.4,3.49,219,2,won,,v West Indies,Kolkata,6 Nov 2013,,home
87,India,451/8d,160.0,2.81,138,2,draw,,v West Indies,Chennai,24 Dec 1983,,home
88,India,451/6d,129.5,3.47,247,2,won,,v Sri Lanka,Nagpur,27 Dec 1986,,home
89,India,449/9d,176.4,2.54,99,2,draw,,v Pakistan,Mumbai (BS),2 Dec 1960,,home
90,India,449,128.4,3.48,-121,2,lost,,v Pakistan,Bengaluru,24 Mar 2005,,home
91,India,448,138.2,3.23,448,1,draw,,v England,Mumbai (BS),6 Feb 1973,,home
92,India,441,124.5,3.53,441,1,won,,v Australia,Nagpur,6 Nov 2008,,home
93,India,438/7d,209.0,2.09,234,3,draw,,v New Zealand,Kolkata,28 Dec 1955,,home
94,India,438,134.3,3.25,438,1,won,,v New Zealand,Hyderabad (Deccan),23 Aug 2012,,home
95,India,437/7d,200.0,2.18,437,1,draw,,v England,Kolkata,31 Dec 1984,,home
96,India,430,134.2,3.2,158,2,won,,v Pakistan,Chennai,15 Jan 1980,,home
97,India,428,144.3,2.96,428,1,won,,v England,Chennai,10 Jan 1962,,home
98,India,428,150.0,2.85,28,2,draw,,v England,Bengaluru,9 Dec 1981,,home
99,India,426,104.5,4.06,426,1,draw,,v Sri Lanka,Ahmedabad,16 Nov 2009,,home
100,India,425,130.3,3.25,35,2,draw,,v Australia,Chennai,11 Sep 1979,,home
101,India,424,137.0,3.09,424,1,draw,,v West Indies,Mumbai,1 Dec 1978,,home
102,India,424,123.2,3.43,424,1,lost,,v Australia,Bengaluru,25 Mar 1998,,home
103,India,424,172.0,2.46,-206,2,draw,,v New Zealand,Mohali,16 Oct 2003,,home
104,India,421/8d,158.0,2.66,421,1,won,,v New Zealand,Mumbai (BS),2 Dec 1955,,home
105,India,418/6d,175.0,2.38,215,2,draw,,v England,Delhi,2 Nov 1951,,home
106,India,418/4d,107.0,3.9,347,3,won,,v Australia,Chennai,6 Mar 1998,,home
107,India,417,138.2,3.01,134,2,won,,v England,Mohali,26 Nov 2016,,home
108,India,416,164.4,2.52,-15,2,draw,,v Pakistan,Bengaluru,21 Nov 1979,,home
109,India,415,141.3,2.93,415,1,draw,,v West Indies,Delhi,6 Feb 1959,,home
110,India,412,122.5,3.35,32,3,lost,,v England,Chennai,13 Jan 1985,,home
111,India,412/4,129.0,3.19,78,3,draw,,v Sri Lanka,Ahmedabad,16 Nov 2009,,home
112,India,411,150.1,2.73,106,2,won,,v South Africa,Kolkata,28 Nov 2004,,home
113,India,407,111.1,3.66,407,1,won,,v Pakistan,Kolkata,16 Mar 2005,,home
114,India,407/9d,104.0,3.91,421,3,won,,v Pakistan,Kolkata,16 Mar 2005,,home
115,India,406,181.1,2.24,-198,2,lost,,v West Indies,Mumbai,23 Jan 1975,,home
116,India,405,108.1,3.74,-23,2,won,,v Australia,Mohali,1 Oct 2010,,home
117,India,404,193.5,2.08,69,2,draw,,v Pakistan,Kanpur,16 Dec 1960,,home
118,India,404,143.2,2.81,404,1,draw,,v West Indies,Chennai,13 Jan 1967,,home
119,India,403,118.0,3.41,403,1,draw,,v Pakistan,Kolkata,11 Feb 1987,,home
120,India,400,127.3,3.13,400,1,won,,v Sri Lanka,Cuttack,4 Jan 1987,,home
121,India,400/7d,126.0,3.17,460,3,won,,v South Africa,Kanpur,8 Dec 1996,,home
122,India,399,142.5,2.79,399,1,won,,v New Zealand,Mumbai,10 Nov 1976,,home
123,India,398,122.4,3.24,398,1,won,,v Sri Lanka,Ahmedabad,18 Dec 2005,,home
124,India,397,144.0,2.75,140,2,draw,,v Pakistan,Kolkata,12 Dec 1952,,home
125,India,397,143.5,2.76,397,1,draw,,v New Zealand,Chennai,27 Feb 1965,,home
126,India,397,94.2,4.2,-177,2,tied,,v Australia,Chennai,18 Sep 1986,,home
127,India,390,168.0,2.32,-110,2,draw,,v England,Mumbai (BS),11 Nov 1961,,home
128,India,387/4d,112.0,3.45,201,2,won,,v Pakistan,Mumbai (BS),13 Nov 1952,,home
129,India,387,128.3,3.01,-56,2,lost,,v West Indies,Mohali,10 Dec 1994,,home
130,India,387/4,98.3,3.92,1,4,won,,v England,Chennai,11 Dec 2008,,home
131,India,384/9d,142.0,2.7,384,1,won,,v New Zealand,Bengaluru,12 Nov 1988,,home
132,India,382,104.1,3.66,382,1,won,,v West Indies,Chennai,11 Jan 1988,,home
133,India,380,156.0,2.43,380,1,won,,v England,Kolkata,30 Dec 1961,,home
134,India,380,105.5,3.59,-82,2,draw,,v New Zealand,Kolkata,5 Mar 1965,,home
135,India,377/7d,122.0,3.09,-1,2,draw,,v England,Kanpur,30 Jan 1982,,home
136,India,377/5d,107.2,3.51,433,3,won,,v New Zealand,Kanpur,22 Sep 2016,,home
137,India,376,134.3,2.79,141,2,draw,,v Australia,Chennai,14 Oct 2004,,home
138,India,375/6d,105.0,3.57,435,3,won,,v Sri Lanka,Delhi,10 Dec 2005,,home
139,India,374,169.5,2.2,37,2,draw,,v Pakistan,Jalandhar,24 Sep 1983,,home
140,India,372,139.4,2.66,372,1,won,,v Pakistan,Delhi,16 Oct 1952,,home
141,India,371,116.2,3.18,-66,2,draw,,v West Indies,Bengaluru,15 Dec 1978,,home
142,India,371,122.5,3.02,371,1,won,,v England,Kolkata,29 Jan 1993,,home
143,India,367,106.4,3.44,56,2,won,,v West Indies,Hyderabad (Deccan),12 Oct 2018,,home
144,India,364/6,131.0,2.77,-25,4,draw,,v Pakistan,Delhi,4 Dec 1979,,home
145,India,361/1d,93.0,3.88,334,3,draw,,v West Indies,Kolkata,29 Dec 1978,,home
146,India,361,131.4,2.74,179,2,won,,v Australia,Delhi,10 Oct 1996,,home
147,India,360,119.0,3.02,-70,2,draw,,v Australia,Bengaluru,9 Oct 2008,,home
148,India,358,106.3,3.36,104,2,won,,v New Zealand,Hyderabad (Deccan),2 Dec 1988,,home
149,India,358,138.3,2.58,239,2,won,,v Sri Lanka,Ahmedabad,8 Feb 1994,,home
150,India,358,101.2,3.53,358,1,draw,,v West Indies,Kolkata,30 Oct 2002,,home
151,India,357,167.0,2.13,357,1,draw,,v England,Kanpur,25 Jan 1973,,home
152,India,355/8,107.0,3.31,-5,4,draw,,v West Indies,Mumbai (BS),4 Feb 1949,,home
153,India,354,129.2,2.73,25,2,won,,v Zimbabwe,Delhi,28 Feb 2002,,home
154,India,353,96.5,3.64,-12,2,won,,v New Zealand,Bengaluru,31 Aug 2012,,home
155,India,352/8d,88.4,3.96,230,3,draw,,v Sri Lanka,Kolkata,16 Nov 2017,,home
156,India,347/3,133.0,2.6,54,3,draw,,v England,Kanpur,15 Feb 1964,,home
157,India,347,125.4,2.76,-95,2,draw,,v Australia,Kolkata,26 Oct 1979,,home
158,India,347,86.5,3.99,0,4,tied,,v Australia,Chennai,18 Sep 1986,,home
159,India,344,149.1,2.3,2,2,draw,,v England,Kolkata,30 Dec 1951,,home
160,India,344,148.0,2.32,344,1,draw,,v England,Delhi,8 Feb 1964,,home
161,India,341,152.3,2.23,21,2,won,,v Australia,Mumbai (BS),10 Oct 1964,,home
162,India,339,146.2,2.31,202,3,draw,,v Australia,Kolkata,23 Jan 1960,,home
163,India,339,113.4,2.98,419,3,won,,v Pakistan,Delhi,4 Feb 1999,,home
164,India,338,105.4,3.19,338,1,draw,,v England,Mumbai,11 Feb 1977,,home
165,India,338,96.2,3.5,38,2,won,,v England,Mohali,9 Mar 2006,,home
166,India,334,114.1,2.92,334,1,won,,v Pakistan,Mumbai,16 Dec 1979,,home
167,India,334,117.5,2.83,334,1,won,,v South Africa,Delhi,3 Dec 2015,,home
168,India,333/3,132.0,2.52,-23,3,draw,,v West Indies,Mumbai (BS),9 Dec 1948,,home
169,India,333,98.1,3.39,362,3,won,,v West Indies,Mumbai,18 Nov 1994,,home
170,India,332,118.1,2.8,32,2,won,,v Australia,Dharamsala,25 Mar 2017,,home
171,India,331,109.0,3.03,331,1,draw,,v Pakistan,Kolkata,29 Jan 1980,,home
172,India,330,148.1,2.22,74,2,won,,v New Zealand,Kanpur,22 Oct 1999,,home
173,India,329,81.2,4.04,-99,2,lost,,v South Africa,Kolkata,27 Nov 1996,,home
174,India,328,94.2,3.47,-90,3,lost,,v South Africa,Ahmedabad,3 Apr 2008,,home
175,India,327,113.3,2.88,275,3,lost,,v West Indies,Delhi,25 Nov 1987,,home
176,India,327,115.1,2.83,327,1,lost,,v England,Mumbai,23 Nov 2012,,home
177,India,326/9d,143.0,2.27,-4,2,draw,,v England,Nagpur,13 Dec 2012,,home
178,India,325/3,136.0,2.38,-105,4,draw,,v West Indies,Kolkata,31 Dec 1948,,home
179,India,325,99.4,3.26,60,2,won,,v South Africa,Kanpur,11 Apr 2008,,home
180,India,323,105.4,3.05,321,3,draw,,v West Indies,Chennai,13 Jan 1967,,home
181,India,323,111.5,2.88,-72,2,draw,,v Pakistan,Ahmedabad,4 Mar 1987,,home
182,India,323,136.5,2.36,-70,2,draw,,v England,Nagpur,1 Mar 2006,,home
183,India,320,145.5,2.19,320,1,draw,,v Australia,Kanpur,15 Nov 1969,,home
184,India,319,107.1,2.97,-6,3,lost,,v South Africa,Nagpur,6 Feb 2010,,home
185,India,318,97.0,3.27,318,1,won,,v New Zealand,Kanpur,22 Sep 2016,,home
186,India,316,111.5,2.82,191,3,lost,,v West Indies,Mumbai (BS),13 Dec 1966,,home
187,India,316,135.1,2.33,74,2,won,,v England,Chennai,12 Jan 1973,,home
188,India,316,143.2,2.2,309,3,won,,v West Indies,Kolkata,27 Dec 1974,,home
189,India,316,106.1,2.97,149,2,won,,v West Indies,Chennai,17 Oct 2002,,home
190,India,316/9d,71.0,4.45,508,3,won,,v Sri Lanka,Ahmedabad,18 Dec 2005,,home
191,India,316,105.0,3.0,316,1,lost,,v England,Kolkata,5 Dec 2012,,home
192,India,316,104.5,3.01,316,1,won,,v New Zealand,Kolkata,30 Sep 2016,,home
193,India,314/3d,65.0,4.83,515,3,won,,v Australia,Mohali,17 Oct 2008,,home
194,India,312/7d,152.0,2.05,284,3,draw,,v Australia,Kanpur,15 Nov 1969,,home
195,India,311,111.4,2.78,278,3,won,,v Australia,Kanpur,2 Oct 1979,,home
196,India,307,125.2,2.44,307,1,lost,,v England,Delhi,12 Dec 1984,,home
197,India,300,113.3,2.64,300,1,draw,,v England,Mumbai (BS),21 Jan 1964,,home
198,India,300/7d,120.0,2.5,274,3,draw,,v England,Kolkata,29 Jan 1964,,home
199,India,300,104.3,2.87,300,1,draw,,v West Indies,Kolkata,29 Dec 1978,,home
0,India,298,133.1,2.23,298,1,won,,v New Zealand,Chennai,26 Nov 1976,,home
1,India,296,109.4,2.69,296,1,lost,,v West Indies,Mumbai (BS),13 Dec 1966,,home
2,India,296/8d,89.5,3.29,296,1,draw,,v New Zealand,Cuttack,8 Nov 1995,,home
3,India,295,82.4,3.56,381,3,won,,v Australia,Nagpur,6 Nov 2008,,home
4,India,291,144.3,2.01,224,3,won,,v Australia,Kanpur,19 Dec 1959,,home
5,India,291,120.3,2.41,-116,2,draw,,v England,Ahmedabad,11 Dec 2001,,home
6,India,290,96.4,3.0,290,1,won,,v Sri Lanka,Delhi,10 Dec 2005,,home
7,India,289/5,132.0,2.18,-109,4,draw,,v West Indies,Mumbai (BS),28 Nov 1958,,home
8,India,289,142.5,2.02,289,1,draw,,v Australia,Mumbai (BS),1 Jan 1960,,home
9,India,288,110.5,2.59,288,1,won,,v Sri Lanka,Chandigarh,23 Nov 1990,,home
10,India,284/6d,76.3,3.71,373,3,draw,,v Pakistan,Bengaluru,8 Dec 2007,,home
11,India,281,67.4,4.15,281,1,draw,,v West Indies,Mumbai,11 Dec 1987,,home
12,India,279,104.1,2.67,-121,2,lost,,v England,Mumbai,18 Mar 2006,,home
13,India,276,132.3,2.08,65,2,lost,,v Australia,Chennai,2 Oct 1964,,home
14,India,276,78.4,3.5,45,2,won,,v Pakistan,Delhi,22 Nov 2007,,home
15,India,276/5,80.4,3.42,1,4,won,,v West Indies,Delhi,6 Nov 2011,,home
16,India,275,111.2,2.47,46,3,draw,,v West Indies,Delhi,6 Feb 1959,,home
17,India,275,119.5,2.29,275,1,draw,,v Pakistan,Bengaluru,14 Sep 1983,,home
18,India,274,97.1,2.81,187,3,won,,v Australia,Bengaluru,4 Mar 2017,,home
19,India,273,142.2,1.91,-356,2,draw,,v West Indies,Mumbai (BS),9 Dec 1948,,home
20,India,272,109.0,2.49,-94,2,draw,,v West Indies,Kolkata,31 Dec 1948,,home
21,India,272,67.5,4.0,272,1,lost,,v England,Chennai,13 Jan 1985,,home
22,India,272,85.3,3.18,272,1,won,,v West Indies,Mumbai,18 Nov 1994,,home
23,India,272,70.2,3.86,10,2,won,,v Australia,Delhi,22 Mar 2013,,home
24,India,271,135.4,1.99,271,1,lost,,v Australia,Mumbai (BS),4 Nov 1969,,home
25,India,271,91.0,2.97,271,1,won,,v Australia,Kanpur,2 Oct 1979,,home
26,India,267/5d,100.1,2.66,480,3,won,,v South Africa,Delhi,3 Dec 2015,,home
27,India,266,182.1,1.46,-293,2,draw,,v England,Kanpur,15 Feb 1964,,home
28,India,266,102.4,2.59,294,3,draw,,v New Zealand,Ahmedabad,4 Nov 2010,,home
29,India,263,76.5,3.42,375,3,won,,v New Zealand,Kolkata,30 Sep 2016,,home
30,India,262/8d,107.0,2.44,185,3,draw,,v Pakistan,Nagpur,5 Oct 1983,,home
31,India,262/5,63.2,4.13,2,4,won,,v New Zealand,Bengaluru,31 Aug 2012,,home
32,India,260,136.2,1.9,187,3,won,,v New Zealand,Mumbai (BS),25 Sep 1969,,home
33,India,260,83.5,3.1,-29,2,lost,,v West Indies,Bengaluru,22 Nov 1974,,home
34,India,260/6,78.2,3.31,-107,4,draw,,v England,Nagpur,1 Mar 2006,,home
35,India,259/9d,91.0,2.84,317,3,won,,v England,Bengaluru,28 Jan 1977,,home
36,India,258,90.5,2.84,39,3,lost,,v England,Mumbai,15 Dec 1933,,home
37,India,258,95.2,2.7,-12,4,lost,,v Pakistan,Chennai,28 Jan 1999,,home
38,India,257,99.2,2.58,-62,2,lost,,v New Zealand,Nagpur,3 Oct 1969,,home
39,India,257,104.2,2.46,257,1,won,,v Australia,Chennai,6 Mar 1998,,home
40,India,256/8,128.4,1.98,3,4,won,,v Australia,Mumbai (BS),10 Oct 1964,,home
41,India,256,96.5,2.64,-17,3,lost,,v West Indies,Delhi,11 Dec 1974,,home
42,India,256,104.4,2.44,254,3,won,,v West Indies,Chennai,11 Jan 1975,,home
43,India,255,83.1,3.06,27,2,won,,v West Indies,Chennai,12 Jan 1979,,home
44,India,254,81.1,3.12,16,2,lost,,v Pakistan,Chennai,28 Jan 1999,,home
45,India,253,85.0,2.97,253,1,won,,v England,Bengaluru,28 Jan 1977,,home
46,India,252,101.2,2.48,420,3,won,,v England,Kolkata,30 Dec 1961,,home
47,India,252,91.5,2.74,252,1,won,,v Pakistan,Delhi,4 Feb 1999,,home
48,India,251,100.2,2.5,251,1,draw,,v Australia,Mumbai (BS),26 Oct 1956,,home
49,India,251/7d,73.0,3.43,402,3,draw,,v England,Mohali,19 Dec 2008,,home
50,India,250/5,137.0,1.82,-22,3,draw,,v Australia,Mumbai (BS),26 Oct 1956,,home
51,India,250,101.0,2.47,-71,3,lost,,v South Africa,Bengaluru,2 Mar 2000,,home
52,India,249,69.2,3.59,-202,4,lost,,v England,Chennai,10 Feb 1934,,home
53,India,249/8d,115.0,2.16,316,3,draw,,v England,Mumbai (BS),21 Jan 1964,,home
54,India,247,107.4,2.29,-156,2,draw,,v England,Kolkata,5 Jan 1934,,home
55,India,247,84.4,2.91,40,3,lost,,v England,Kolkata,5 Dec 2012,,home
56,India,246,89.2,2.75,-228,2,lost,,v Australia,Bengaluru,6 Oct 2004,,home
57,India,246/5d,52.2,4.7,409,3,draw,,v Sri Lanka,Delhi,2 Dec 2017,,home
58,India,245,99.0,2.47,-337,2,lost,,v West Indies,Chennai,27 Jan 1949,,home
59,India,245,85.3,2.86,245,1,draw,,v Pakistan,Nagpur,5 Oct 1983,,home
60,India,244/5d,96.0,2.54,212,3,draw,,v England,Mumbai (BS),6 Feb 1973,,home
61,India,242,69.5,3.46,242,1,lost,,v England,Mumbai,15 Feb 1980,,home
62,India,242/9,64.0,3.78,0,4,draw,,v West Indies,Mumbai,22 Nov 2011,,home
63,India,241,85.2,2.82,241,1,draw,,v England,Kolkata,29 Jan 1964,,home
64,India,241,80.5,2.98,-40,2,lost,,v West Indies,Ahmedabad,12 Nov 1983,,home
65,India,241,87.4,2.74,241,1,lost,,v West Indies,Kolkata,10 Dec 1983,,home
66,India,241,69.4,3.45,-75,2,won,,v England,Chennai,11 Dec 2008,,home
67,India,240,101.1,2.37,-203,4,lost,,v West Indies,Kanpur,12 Dec 1958,,home
68,India,239,87.4,2.72,-217,4,lost,,v Australia,Bengaluru,6 Oct 2004,,home
69,India,238,94.3,2.51,-98,2,draw,,v England,Bengaluru,19 Dec 2001,,home
70,India,237,90.3,2.61,81,3,draw,,v England,Kolkata,5 Jan 1934,,home
71,India,237,100.1,2.36,237,1,won,,v South Africa,Kanpur,8 Dec 1996,,home
72,India,235,130.0,1.8,61,2,draw,,v Australia,Kolkata,17 Oct 1964,,home
73,India,235,103.4,2.26,124,3,lost,,v England,Delhi,12 Dec 1984,,home
74,India,234,110.4,2.11,-25,3,lost,,v England,Delhi,17 Dec 1976,,home
75,India,234,75.5,3.08,-2,2,lost,,v New Zealand,Mumbai,24 Nov 1988,,home
76,India,233,98.4,2.36,206,3,lost,,v England,Delhi,20 Dec 1972,,home
77,India,233,80.3,2.89,233,1,won,,v West Indies,Kolkata,27 Dec 1974,,home
78,India,233,77.1,3.01,313,3,draw,,v West Indies,Delhi,29 Oct 1983,,home
79,India,233,64.4,3.6,-325,2,lost,,v South Africa,Nagpur,6 Feb 2010,,home
80,India,232,79.1,2.93,-46,4,lost,,v Pakistan,Kolkata,16 Feb 1999,,home
81,India,228,70.4,3.22,83,2,won,,v New Zealand,Bengaluru,18 Oct 1995,,home
82,India,227,77.3,2.92,240,3,won,,v England,Mumbai,27 Nov 1981,,home
83,India,226/5d,101.0,2.23,128,3,draw,,v Australia,Mumbai (BS),1 Jan 1960,,home
84,India,225,79.2,2.83,225,1,lost,,v South Africa,Mumbai,24 Feb 2000,,home
85,India,224/2,84.5,2.64,155,3,draw,,v West Indies,Mumbai,1 Dec 1978,,home
86,India,223,108.3,2.05,-73,2,won,,v Australia,Delhi,28 Nov 1969,,home
87,India,223,99.0,2.25,223,1,won,,v South Africa,Ahmedabad,20 Nov 1996,,home
88,India,223,76.2,2.92,38,2,lost,,v Pakistan,Kolkata,16 Feb 1999,,home
89,India,222,101.4,2.18,0,2,lost,,v West Indies,Kanpur,12 Dec 1958,,home
90,India,222,78.1,2.84,-278,2,lost,,v West Indies,Chennai,21 Jan 1959,,home
91,India,220/6,102.0,2.15,43,3,draw,,v West Indies,Delhi,10 Nov 1948,,home
92,India,220,86.3,2.54,220,1,lost,,v West Indies,Delhi,11 Dec 1974,,home
93,India,219,91.2,2.39,219,1,lost,,v England,Mumbai,15 Dec 1933,,home
94,India,219,94.1,2.32,46,3,lost,,v Australia,Mumbai,27 Feb 2001,,home
95,India,217/8d,76.0,2.85,415,3,won,,v West Indies,Chennai,11 Jan 1988,,home
96,India,216/9,58.4,3.68,1,4,won,,v Australia,Mohali,1 Oct 2010,,home
97,India,216/3d,49.0,4.4,474,3,won,,v New Zealand,Indore,8 Oct 2016,,home
98,India,215,78.2,2.74,215,1,won,,v South Africa,Nagpur,25 Nov 2015,,home
99,India,214,90.0,2.37,-168,4,lost,,v Pakistan,Bengaluru,24 Mar 2005,,home
100,India,212,96.4,2.19,212,1,lost,,v Australia,Kolkata,12 Dec 1969,,home
101,India,210,97.4,2.15,210,1,won,,v England,Kolkata,30 Dec 1972,,home
102,India,209/6d,44.5,4.66,369,3,draw,,v New Zealand,Ahmedabad,8 Oct 2003,,home
103,India,209,52.5,3.95,-95,2,won,,v West Indies,Delhi,6 Nov 2011,,home
104,India,208,83.1,2.5,237,3,draw,,v England,Mumbai (BS),14 Dec 1951,,home
105,India,208/2d,52.0,4.0,382,3,draw,,v New Zealand,Kanpur,18 Nov 1976,,home
106,India,208,100.0,2.08,-40,2,draw,,v England,Kolkata,1 Jan 1982,,home
107,India,208/7d,63.4,3.26,326,3,draw,,v West Indies,Nagpur,1 Dec 1994,,home
108,India,208/5d,77.3,2.68,244,3,draw,,v Australia,Delhi,29 Oct 2008,,home
109,India,207,59.4,3.46,-247,2,lost,,v West Indies,Kanpur,21 Oct 1983,,home
110,India,207/3,45.0,4.6,1,4,won,,v Australia,Bengaluru,9 Oct 2010,,home
111,India,206,111.0,1.85,-127,3,lost,,v Australia,Delhi,12 Dec 1959,,home
112,India,205,70.5,2.89,264,3,draw,,v Pakistan,Kolkata,29 Jan 1980,,home
113,India,205,68.2,3.0,106,3,won,,v Australia,Mumbai,3 Nov 2004,,home
114,India,204,93.5,2.17,-16,4,lost,,v Pakistan,Bengaluru,13 Mar 1987,,home
115,India,204,63.1,3.22,404,3,won,,v England,Visakhapatnam,17 Nov 2016,,home
116,India,203/4,61.1,3.31,1,4,won,,v Pakistan,Delhi,22 Nov 2007,,home
117,India,202,77.1,2.61,-201,4,lost,,v West Indies,Mumbai,23 Jan 1975,,home
118,India,202/4d,58.0,3.48,303,3,won,,v New Zealand,Mumbai,10 Nov 1976,,home
119,India,201/5d,61.5,3.25,359,3,won,,v New Zealand,Chennai,26 Nov 1976,,home
120,India,201,68.0,2.95,201,1,won,,v South Africa,Mohali,5 Nov 2015,,home
121,India,200/4,63.2,3.15,-46,4,draw,,v Australia,Kolkata,26 Oct 1979,,home
122,India,200,53.3,3.73,-342,4,lost,,v Australia,Nagpur,26 Oct 2004,,home
123,India,200,75.3,2.64,217,3,won,,v South Africa,Mohali,5 Nov 2015,,home
124,India,199/2d,58.1,3.42,281,3,draw,,v New Zealand,Chennai,27 Feb 1965,,home
125,India,198/3,97.0,2.04,-175,4,draw,,v England,Ahmedabad,11 Dec 2001,,home
126,India,194,89.3,2.16,194,1,draw,,v Australia,Kolkata,23 Jan 1960,,home
127,India,193,88.4,2.17,-93,2,draw,,v West Indies,Mumbai (BS),4 Feb 1949,,home
128,India,193,80.0,2.41,-139,4,lost,,v Australia,Chennai,2 Oct 1964,,home
129,India,193/2,77.2,2.49,106,3,draw,,v Pakistan,Kanpur,25 Dec 1979,,home
130,India,192,70.4,2.71,213,3,draw,,v England,Mumbai,11 Feb 1977,,home
131,India,190,94.3,2.01,337,3,won,,v England,Chennai,10 Jan 1962,,home
132,India,190,58.5,3.22,190,1,won,,v West Indies,Chennai,11 Jan 1975,,home
133,India,190,79.2,2.39,169,3,won,,v South Africa,Ahmedabad,20 Nov 1996,,home
134,India,190/3,37.3,5.06,1,4,won,,v Zimbabwe,Delhi,18 Nov 2000,,home
135,India,189,71.2,2.64,189,1,won,,v Australia,Bengaluru,4 Mar 2017,,home
136,India,186/6,84.0,2.21,146,3,draw,,v England,Kanpur,25 Jan 1973,,home
137,India,185,91.5,2.01,-213,2,lost,,v Australia,Nagpur,26 Oct 2004,,home
138,India,184/4d,42.4,4.31,344,3,draw,,v Pakistan,Kolkata,30 Nov 2007,,home
139,India,182,76.3,2.37,-43,3,lost,,v Pakistan,Lucknow,23 Oct 1952,,home
140,India,181/3,80.4,2.24,1,4,won,,v Australia,Delhi,28 Nov 1969,,home
141,India,181,70.5,2.55,15,3,lost,,v England,Kolkata,1 Jan 1977,,home
142,India,181/3d,52.1,3.46,355,3,draw,,v Pakistan,Kolkata,11 Feb 1987,,home
143,India,181/9d,42.4,4.24,332,3,draw,,v Sri Lanka,Mumbai,3 Dec 1997,,home
144,India,180,99.3,1.8,-121,2,draw,,v Pakistan,Kolkata,30 Dec 1960,,home
145,India,180/5,73.0,2.46,-114,4,draw,,v England,Mumbai (BS),11 Nov 1961,,home
146,India,179,57.0,3.14,179,1,won,,v England,Mumbai,27 Nov 1981,,home
147,India,178,77.4,2.29,-45,3,lost,,v West Indies,Kolkata,31 Dec 1966,,home
148,India,177/4,73.0,2.42,-121,4,draw,,v Australia,Bengaluru,9 Oct 2008,,home
149,India,176/0,61.1,2.87,163,3,draw,,v Pakistan,Bengaluru,14 Sep 1983,,home
150,India,176,71.3,2.46,176,1,lost,,v Australia,Mumbai,27 Feb 2001,,home
151,India,175/6,74.0,2.36,-169,2,draw,,v Pakistan,Chennai,28 Nov 1952,,home
152,India,173,84.4,2.04,173,1,lost,,v England,Delhi,20 Dec 1972,,home
153,India,173/5d,46.0,3.76,243,3,draw,,v West Indies,Mumbai,24 Nov 1983,,home
154,India,173,46.0,3.76,117,3,draw,,v West Indies,Mumbai,11 Dec 1987,,home
155,India,173,46.3,3.72,309,3,won,,v South Africa,Nagpur,25 Nov 2015,,home
156,India,172/6,52.3,3.27,-137,4,draw,,v England,Rajkot,9 Nov 2016,,home
157,India,172,59.3,2.89,172,1,draw,,v Sri Lanka,Kolkata,16 Nov 2017,,home
158,India,171,85.2,2.0,-77,4,lost,,v Australia,Chennai,24 Dec 1969,,home
159,India,171,58.1,2.93,-274,2,won,,v Australia,Kolkata,11 Mar 2001,,home
160,India,170/3,83.0,2.04,-135,4,draw,,v England,Kolkata,1 Jan 1982,,home
161,India,169,61.0,2.77,193,3,lost,,v Australia,Bengaluru,25 Mar 1998,,home
162,India,167,85.5,1.94,-223,2,lost,,v West Indies,Kolkata,31 Dec 1966,,home
163,India,167,73.2,2.27,167,1,draw,,v Sri Lanka,Chennai,2 Dec 2005,,home
164,India,164,73.5,2.22,-98,2,lost,,v England,Chennai,14 Jan 1977,,home
165,India,164,58.3,2.8,-83,3,lost,,v West Indies,Kanpur,21 Oct 1983,,home
166,India,163,62.4,2.6,-95,2,lost,,v Australia,Chennai,24 Dec 1969,,home
167,India,162,68.4,2.35,162,1,draw,,v Pakistan,Kanpur,25 Dec 1979,,home
168,India,161,99.3,1.61,161,1,lost,,v Australia,Chennai,19 Oct 1956,,home
169,India,161,77.1,2.08,38,3,lost,,v Australia,Kolkata,12 Dec 1969,,home
170,India,160,69.5,2.29,321,3,won,,v Pakistan,Mumbai,16 Dec 1979,,home
171,India,160/3d,50.0,3.2,313,3,draw,,v England,Chennai,13 Jan 1982,,home
172,India,159/4d,29.0,5.48,458,3,won,,v Bangladesh,Hyderabad (Deccan),9 Feb 2017,,home
173,India,158,82.3,1.91,158,1,lost,,v South Africa,Bengaluru,2 Mar 2000,,home
174,India,158/4,31.2,5.04,4,4,won,,v Australia,Delhi,22 Mar 2013,,home
175,India,157,66.5,2.34,75,3,lost,,v England,Kanpur,12 Jan 1952,,home
176,India,156,66.2,2.35,156,1,won,,v New Zealand,Mumbai (BS),25 Sep 1969,,home
177,India,155,67.5,2.28,191,3,won,,v England,Kolkata,30 Dec 1972,,home
178,India,155,75.0,2.06,155,1,lost,,v England,Kolkata,1 Jan 1977,,home
179,India,155/8,41.1,3.76,1,4,won,,v Australia,Chennai,18 Mar 2001,,home
180,India,154,49.0,3.14,-336,3,lost,,v West Indies,Kolkata,31 Dec 1958,,home
181,India,153,63.5,2.39,-5,3,lost,,v Australia,Chennai,19 Oct 1956,,home
182,India,152,68.2,2.22,-75,2,draw,,v West Indies,Mumbai (BS),28 Nov 1958,,home
183,India,152,70.1,2.16,152,1,won,,v Australia,Kanpur,19 Dec 1959,,home
184,India,152/9d,58.5,2.58,292,3,draw,,v England,Chennai,10 Jan 1964,,home
185,India,151,70.0,2.15,-295,4,lost,,v West Indies,Chennai,21 Jan 1959,,home
186,India,151/2,40.5,3.69,1,4,won,,v New Zealand,Bengaluru,18 Oct 1995,,home
187,India,149,77.1,1.93,-193,2,lost,,v Australia,Chennai,13 Jan 1960,,home
188,India,149,52.1,2.85,95,3,lost,,v England,Mumbai,15 Feb 1980,,home
189,India,148/5d,32.0,4.62,423,3,draw,,v New Zealand,Ahmedabad,29 Oct 1999,,home
190,India,145,59.5,2.42,-190,2,lost,,v England,Chennai,10 Feb 1934,,home
191,India,145,64.0,2.26,29,2,lost,,v Pakistan,Bengaluru,13 Mar 1987,,home
192,India,145,49.4,2.91,-136,4,lost,,v New Zealand,Mumbai,24 Nov 1988,,home
193,India,144,63.3,2.26,-193,3,lost,,v West Indies,Chennai,27 Jan 1949,,home
194,India,144/2,71.1,2.02,144,1,draw,,v New Zealand,Chennai,25 Oct 1995,,home
195,India,144/1,33.0,4.36,1,4,won,,v England,Mohali,9 Mar 2006,,home
196,India,142,44.1,3.21,56,3,lost,,v England,Mumbai,23 Nov 2012,,home
197,India,141/1d,28.0,5.03,336,3,won,,v New Zealand,Bengaluru,12 Nov 1988,,home
198,India,138,105.0,1.31,-55,3,lost,,v Australia,Chennai,13 Jan 1960,,home
199,India,137,90.2,1.51,63,3,lost,,v Australia,Mumbai (BS),4 Nov 1969,,home
0,India,137,53.3,2.56,-329,4,lost,,v South Africa,Kolkata,27 Nov 1996,,home
1,India,136,78.2,1.73,-41,2,lost,,v Australia,Kolkata,2 Nov 1956,,home
2,India,136,69.2,1.96,-94,4,lost,,v Australia,Kolkata,2 Nov 1956,,home
3,India,136/4,69.0,1.97,-70,3,draw,,v New Zealand,Mohali,16 Oct 2003,,home
4,India,136/4,33.3,4.05,4,4,won,,v Australia,Mohali,14 Mar 2013,,home
5,India,135,59.4,2.26,135,1,lost,,v Australia,Delhi,12 Dec 1959,,home
6,India,135/7,28.0,4.82,-39,4,draw,,v Sri Lanka,Chennai,17 Sep 1982,,home
7,India,132,59.3,2.21,132,1,draw,,v New Zealand,Kolkata,28 Dec 1955,,home
8,India,127/4,57.0,2.22,-140,4,draw,,v Pakistan,Kolkata,30 Dec 1960,,home
9,India,126,41.5,3.01,-147,2,draw,,v Pakistan,Delhi,4 Dec 1979,,home
10,India,126/6,45.5,2.74,5,4,won,,v Zimbabwe,Delhi,28 Feb 2002,,home
11,India,125/7,46.2,2.69,1,4,won,,v West Indies,Chennai,12 Jan 1979,,home
12,India,124,62.5,1.97,-490,2,lost,,v West Indies,Kolkata,31 Dec 1958,,home
13,India,122,51.5,2.35,-259,2,lost,,v England,Delhi,17 Dec 1976,,home
14,India,121,61.5,1.95,121,1,lost,,v England,Kanpur,12 Jan 1952,,home
15,India,120/2,39.4,3.02,4,4,won,,v South Africa,Kolkata,28 Nov 2004,,home
16,India,118,42.5,2.75,-267,4,lost,,v West Indies,Bengaluru,22 Nov 1974,,home
17,India,114/2,38.0,3.0,238,3,draw,,v Pakistan,Jaipur,21 Feb 1987,,home
18,India,114,35.2,3.22,-243,4,lost,,v West Indies,Mohali,10 Dec 1994,,home
19,India,113,50.2,2.24,162,3,lost,,v South Africa,Mumbai,24 Feb 2000,,home
20,India,109,55.5,1.95,-167,4,lost,,v New Zealand,Nagpur,3 Oct 1969,,home
21,India,107/3,26.0,4.11,-100,2,draw,,v Australia,Delhi,26 Sep 1986,,home
22,India,107,33.5,3.16,-333,4,lost,,v Australia,Pune,23 Feb 2017,,home
23,India,106,55.1,1.92,106,1,lost,,v Pakistan,Lucknow,23 Oct 1952,,home
24,India,106/2,23.5,4.44,1,4,won,,v Australia,Dharamsala,25 Mar 2017,,home
25,India,105,40.1,2.61,-155,2,lost,,v Australia,Pune,23 Feb 2017,,home
26,India,104,41.3,2.5,104,1,won,,v Australia,Mumbai,3 Nov 2004,,home
27,India,104/2,20.2,5.11,2,4,won,,v England,Mohali,26 Nov 2016,,home
28,India,103/0,29.0,3.55,-147,4,draw,,v England,Kolkata,30 Dec 1951,,home
29,India,103,47.1,2.18,-138,4,lost,,v West Indies,Ahmedabad,12 Nov 1983,,home
30,India,100,48.2,2.06,-212,4,lost,,v England,Mumbai,18 Mar 2006,,home
31,India,97/1d,13.0,7.46,233,3,draw,,v England,Kanpur,31 Jan 1985,,home
32,India,92/3,17.0,5.41,-181,4,draw,,v New Zealand,Kolkata,5 Mar 1965,,home
33,India,90,30.0,3.0,-46,3,lost,,v West Indies,Kolkata,10 Dec 1983,,home
34,India,89,54.2,1.63,-92,2,draw,,v New Zealand,Hyderabad (Deccan),15 Oct 1969,,home
35,India,88,33.3,2.62,-209,2,draw,,v New Zealand,Mumbai (BS),12 Mar 1965,,home
36,India,86/6,33.5,2.54,1,4,won,,v England,Chennai,12 Jan 1973,,home
37,India,85/1,17.0,5.0,-207,4,draw,,v Pakistan,Mohali,8 Mar 2005,,home
38,India,83,38.5,2.13,-200,4,lost,,v England,Chennai,14 Jan 1977,,home
39,India,83,27.0,3.07,83,1,draw,,v New Zealand,Mohali,10 Oct 1999,,home
40,India,83/2,18.2,4.52,2,4,won,,v New Zealand,Kanpur,22 Oct 1999,,home
41,India,82/2,29.2,2.79,4,4,won,,v England,Kolkata,29 Jan 1993,,home
42,India,81/2,21.1,3.82,1,4,won,,v West Indies,Chennai,17 Oct 2002,,home
43,India,80/1,15.3,5.16,4,4,won,,v England,Ahmedabad,15 Nov 2012,,home
44,India,80/0,22.0,3.63,-134,2,draw,,v South Africa,Bengaluru,14 Nov 2015,,home
45,India,78/0,18.0,4.33,3,4,won,,v Pakistan,Chennai,15 Jan 1980,,home
46,India,76/7,46.4,1.62,-191,4,draw,,v New Zealand,Hyderabad (Deccan),15 Oct 1969,,home
47,India,76,20.0,3.8,76,1,lost,,v South Africa,Ahmedabad,3 Apr 2008,,home
48,India,75,30.5,2.43,75,1,lost,,v West Indies,Delhi,25 Nov 1987,,home
49,India,75/0,16.1,4.63,4,4,won,,v West Indies,Hyderabad (Deccan),12 Oct 2018,,home
50,India,73/3,9.1,7.96,4,4,won,,v New Zealand,Delhi,19 Mar 1965,,home
51,India,68/0,17.0,4.0,-258,4,draw,,v New Zealand,Hyderabad (Deccan),12 Nov 2010,,home
52,India,64/2,13.1,4.86,3,4,won,,v South Africa,Kanpur,11 Apr 2008,,home
53,India,58/3,13.2,4.35,3,4,won,,v Australia,Delhi,10 Oct 1996,,home
54,India,51/2,15.1,3.36,4,4,won,,v England,Mumbai,28 Nov 1984,,home
55,India,50/2,11.3,4.34,1,4,won,,v Australia,Chennai,22 Feb 2013,,home
56,India,45/0,15.2,2.93,4,4,won,,v Pakistan,Mumbai (BS),13 Nov 1952,,home
57,India,29/1,18.0,1.61,190,3,draw,,v England,Kolkata,31 Dec 1984,,home
58,India,28/0,6.0,4.66,-68,4,draw,,v Pakistan,Kolkata,12 Dec 1952,,home
59,India,22/0,2.1,10.15,2,4,won,,v New Zealand,Hyderabad (Deccan),2 Dec 1988,,home
60,India,19/0,3.0,6.33,-209,4,draw,,v Australia,Chennai,14 Oct 2004,,home
61,India,16/0,2.0,8.0,-57,4,draw,,v Pakistan,Delhi,8 Feb 1961,,home
62,India,5/0,0.2,15.0,1,4,won,,v England,Mohali,3 Dec 2001,,home
0,India,707,225.2,3.13,65,2,draw,,v Sri Lanka,Colombo (SSC),26 Jul 2010,,away
1,India,705/7d,187.3,3.76,705,1,draw,,v Australia,Sydney,2 Jan 2004,,away
2,India,675/5d,161.5,4.17,675,1,won,,v Pakistan,Multan,28 Mar 2004,,away
3,India,664,170.0,3.9,664,1,draw,,v England,The Oval,9 Aug 2007,,away
4,India,628/8d,180.1,3.48,628,1,won,,v England,Leeds,22 Aug 2002,,away
5,India,622/9d,158.0,3.93,622,1,won,,v Sri Lanka,Colombo (SSC),3 Aug 2017,,away
6,India,622/7d,167.2,3.71,622,1,draw,,v Australia,Sydney,3 Jan 2019,,away
7,India,610/3d,153.0,3.98,610,1,won,,v Bangladesh,Dhaka,25 May 2007,,away
8,India,606/9d,173.0,3.5,606,1,draw,,v England,The Oval,23 Aug 1990,,away
9,India,603,165.4,3.63,15,2,draw,,v Pakistan,Faisalabad,21 Jan 2006,,away
10,India,600/4d,169.0,3.55,600,1,draw,,v Australia,Sydney,2 Jan 1986,,away
11,India,600,177.2,3.38,376,2,won,,v Pakistan,Rawalpindi,13 Apr 2004,,away
12,India,600,133.1,4.5,600,1,won,,v Sri Lanka,Galle,26 Jul 2017,,away
13,India,588/8d,148.2,3.96,588,1,draw,,v West Indies,Gros Islet,10 Jun 2006,,away
14,India,566/8d,161.5,3.49,566,1,won,,v West Indies,North Sound,21 Jul 2016,,away
15,India,554,151.3,3.65,275,2,won,,v Zimbabwe,Bulawayo,13 Sep 2005,,away
16,India,544/8d,133.0,4.09,311,2,won,,v Bangladesh,Dhaka,24 Jan 2010,,away
17,India,540,148.2,3.64,540,1,won,,v Bangladesh,Chittagong,17 Dec 2004,,away
18,India,537/8d,167.3,3.2,537,1,draw,,v Sri Lanka,Colombo (RPS),2 Aug 1997,,away
19,India,532,138.2,3.84,69,2,lost,,v Australia,Sydney,2 Jan 2008,,away
20,India,526,136.4,3.84,342,2,won,,v Bangladesh,Dhaka,10 Dec 2004,,away
21,India,526,152.5,3.44,526,1,draw,,v Australia,Adelaide,24 Jan 2008,,away
22,India,523,161.5,3.23,-33,2,won,,v Australia,Adelaide,12 Dec 2003,,away
23,India,521,167.0,3.11,521,1,draw,,v England,Nottingham,4 Jul 1996,,away
24,India,521/6d,150.5,3.45,391,3,draw,,v West Indies,St John's,2 Jun 2006,,away
25,India,520,202.0,2.57,139,2,draw,,v Australia,Adelaide,13 Dec 1985,,away
26,India,520,152.4,3.4,241,2,won,,v New Zealand,Hamilton,18 Mar 2009,,away
27,India,518/7d,142.5,3.62,518,1,draw,,v Sri Lanka,Colombo (SSC),24 Feb 1999,,away
28,India,513/9d,196.0,2.61,513,1,draw,,v West Indies,St John's,10 May 2002,,away
29,India,510,209.2,2.43,124,3,lost,,v England,Leeds,8 Jun 1967,,away
30,India,509,178.2,2.85,509,1,draw,,v Pakistan,Lahore,1 Dec 1989,,away
31,India,508,170.0,2.98,-7,2,draw,,v England,The Oval,5 Sep 2002,,away
32,India,500,163.0,3.06,500,1,draw,,v Pakistan,Faisalabad,24 Oct 1984,,away
33,India,500/9d,171.1,2.92,304,2,draw,,v West Indies,Kingston,30 Jul 2016,,away
34,India,487,122.3,3.97,487,1,won,,v Sri Lanka,Pallekele,12 Aug 2017,,away
35,India,483,168.4,2.86,170,2,draw,,v Australia,Sydney,2 Jan 1992,,away
36,India,482,104.3,4.61,91,2,draw,,v New Zealand,Auckland,22 Feb 1990,,away
37,India,481,158.5,3.02,283,2,won,,v England,Nottingham,27 Jul 2007,,away
38,India,476/4,180.0,2.64,162,3,draw,,v New Zealand,Napier,26 Mar 2009,,away
39,India,475,162.0,2.93,-97,2,draw,,v Australia,Sydney,6 Jan 2015,,away
40,India,469/7,139.1,3.37,250,3,draw,,v West Indies,Port of Spain,11 Mar 1983,,away
41,India,465,170.3,2.72,125,3,lost,,v Pakistan,Lahore,27 Oct 1978,,away
42,India,465,128.5,3.6,-65,2,draw,,v Australia,Melbourne,26 Dec 2014,,away
43,India,462/9d,142.5,3.23,-41,2,draw,,v Pakistan,Faisalabad,16 Oct 1978,,away
44,India,462/6d,103.3,4.46,462,1,draw,,v Bangladesh,Fatullah,10 Jun 2015,,away
45,India,459,128.1,3.58,-25,3,lost,,v South Africa,Centurion,16 Dec 2010,,away
46,India,457,126.5,3.6,457,1,draw,,v West Indies,St John's,28 Apr 1983,,away
47,India,457,161.0,2.83,457,1,draw,,v England,Nottingham,9 Jul 2014,,away
48,India,454,114.1,3.97,-199,2,lost,,v England,Lord's,26 Jul 1990,,away
49,India,446,151.1,2.95,95,2,draw,,v Sri Lanka,Colombo (PSS),4 Aug 1993,,away
50,India,445,141.4x8,2.35,-47,4,lost,,v Australia,Adelaide,28 Jan 1978,,away
51,India,445,148.2,3.0,183,2,draw,,v Australia,Melbourne,26 Dec 1985,,away
52,India,444,178.0,2.49,180,3,draw,,v West Indies,Kingston,28 Mar 1953,,away
53,India,444,116.4,3.8,-73,2,lost,,v Australia,Adelaide,9 Dec 2014,,away
54,India,443/7d,169.4,2.61,443,1,won,,v Australia,Melbourne,26 Dec 2018,,away
55,India,438,102.4,4.26,246,2,draw,,v New Zealand,Wellington,14 Feb 2014,,away
56,India,436,183.4,2.37,140,2,draw,,v West Indies,Port of Spain,14 Mar 1997,,away
57,India,436,106.1,4.1,11,2,won,,v Sri Lanka,Colombo (PSS),3 Aug 2010,,away
58,India,434/7d,116.0,3.74,616,3,draw,,v New Zealand,Wellington,3 Apr 2009,,away
59,India,432,119.2,3.62,-87,2,draw,,v England,Manchester,9 Aug 1990,,away
60,India,429/8,150.5,2.84,-8,4,draw,,v England,The Oval,30 Aug 1979,,away
61,India,429,169.3,2.53,85,2,draw,,v England,Lord's,20 Jun 1996,,away
62,India,429,141.3,3.03,29,2,won,,v Bangladesh,Dhaka,10 Nov 2000,,away
63,India,427,197.4,2.16,261,3,draw,,v West Indies,Port of Spain,13 Apr 1971,,away
64,India,424/8d,115.0,3.68,164,3,draw,,v England,Nottingham,8 Aug 2002,,away
65,India,422,143.1,2.94,175,3,lost,,v West Indies,Port of Spain,4 Apr 1962,,away
66,India,421,120.4,3.48,457,3,draw,,v South Africa,Johannesburg,18 Dec 2013,,away
67,India,419,137.4,3.04,-109,2,draw,,v Australia,Adelaide,23 Jan 1981,,away
68,India,417,192.1,2.16,417,1,draw,,v West Indies,Port of Spain,21 Jan 1953,,away
69,India,416,128.3,3.23,50,2,draw,,v New Zealand,Hamilton,2 Jan 1999,,away
70,India,414,121.7x8,2.54,148,2,won,,v New Zealand,Auckland,24 Jan 1976,,away
71,India,414,131.1,3.15,414,1,lost,,v South Africa,Cape Town,2 Jan 2007,,away
72,India,413/8d,87.0,4.74,414,3,won,,v Bangladesh,Chattogram,17 Jan 2010,,away
73,India,410,129.2,3.17,-184,2,draw,,v England,The Oval,8 Jul 1982,,away
74,India,410,150.3,2.72,410,1,draw,,v South Africa,Johannesburg,16 Jan 1997,,away
75,India,410/1,77.2,5.3,-269,2,draw,,v Pakistan,Lahore,13 Jan 2006,,away
76,India,409,120.1,3.4,86,2,draw,,v Australia,Brisbane,4 Dec 2003,,away
77,India,408,109.4,3.72,408,1,lost,,v Australia,Brisbane,17 Dec 2014,,away
78,India,406/4,147.0,2.76,4,4,won,,v West Indies,Port of Spain,7 Apr 1976,,away
79,India,402/5d,156.0,2.57,161,2,draw,,v West Indies,Port of Spain,24 Mar 1976,,away
80,India,402,79.6x8,3.78,402,1,lost,,v Australia,Perth,16 Dec 1977,,away
81,India,400,110.5,3.6,-68,3,lost,,v Australia,Sydney,3 Jan 2012,,away
82,India,398/7,116.0,3.43,263,3,draw,,v Pakistan,Faisalabad,23 Nov 1989,,away
83,India,397,109.4,3.62,-170,4,lost,,v England,Lord's,25 Jul 2002,,away
84,India,396/8d,101.0x8,2.94,265,2,won,,v Australia,Sydney,7 Jan 1978,,away
85,India,395,141.0,2.8,395,1,lost,,v West Indies,Kingston,7 Mar 1962,,away
86,India,395/7,140.3,2.81,-106,2,draw,,v West Indies,Georgetown,11 Apr 2002,,away
87,India,393/8d,136.0,2.88,393,1,draw,,v Pakistan,Karachi,30 Jan 1983,,away
88,India,393,114.0,3.44,393,1,won,,v Sri Lanka,Colombo (PSS),20 Aug 2015,,away
89,India,391/9d,123.0,3.17,352,3,draw,,v England,Nottingham,9 Jul 2014,,away
90,India,390/5,115.0,3.39,22,3,draw,,v England,Manchester,25 Jul 1936,,away
91,India,390,139.5,2.78,0,2,draw,,v England,Birmingham,3 Jul 1986,,away
92,India,387,158.4,2.43,387,1,draw,,v West Indies,Kingston,18 Feb 1971,,away
93,India,387/8d,98.5,3.91,387,1,draw,,v Bangladesh,Chattogram,18 May 2007,,away
94,India,381,109.1x8,2.61,-293,2,lost,,v Australia,Adelaide,23 Jan 1948,,away
95,India,379/8,104.0,3.64,-46,2,draw,,v England,Manchester,24 Jun 1982,,away
96,India,379,124.5,3.03,-106,2,draw,,v Pakistan,Lahore,10 Dec 1982,,away
97,India,379,95.1,3.98,379,1,lost,,v South Africa,Bloemfontein,3 Nov 2001,,away
98,India,379,92.1,4.11,379,1,draw,,v New Zealand,Wellington,3 Apr 2009,,away
99,India,378,122.0,3.09,76,3,lost,,v England,Lord's,19 Jun 1952,,away
100,India,376,145.1,2.59,-171,4,lost,,v England,Manchester,23 Jul 1959,,away
101,India,376,167.4,2.24,13,2,draw,,v West Indies,Georgetown,19 Mar 1971,,away
102,India,375,141.1,2.65,43,2,draw,,v Sri Lanka,Colombo (SSC),9 Aug 1997,,away
103,India,375,117.4,3.18,192,2,lost,,v Sri Lanka,Galle,12 Aug 2015,,away
104,India,372,85.3,4.35,372,1,lost,,v Pakistan,Faisalabad,3 Jan 1983,,away
105,India,371/6,156.0,2.37,99,3,draw,,v Pakistan,Lahore,17 Oct 1984,,away
106,India,369,111.5,3.29,64,3,lost,,v England,Lord's,10 Jun 1982,,away
107,India,366,107.1,3.41,366,1,won,,v Sri Lanka,Colombo (SSC),27 Jul 1993,,away
108,India,366,103.0,3.55,366,1,lost,,v Australia,Melbourne,26 Dec 2003,,away
109,India,366,107.3,3.4,205,2,won,,v Zimbabwe,Harare,20 Sep 2005,,away
110,India,366,96.3,3.79,-40,4,lost,,v New Zealand,Auckland,6 Feb 2014,,away
111,India,364,117.1,3.1,2,2,draw,,v South Africa,Cape Town,2 Jan 2011,,away
112,India,362/7d,200.1,1.8,326,3,draw,,v West Indies,Port of Spain,19 Feb 1953,,away
113,India,362,107.0,3.38,-219,2,draw,,v West Indies,Basseterre,22 Jun 2006,,away
114,India,360,133.3,2.69,360,1,draw,,v West Indies,Port of Spain,13 Apr 1971,,away
115,India,359,124.0,2.89,9,2,won,,v New Zealand,Dunedin,15 Feb 1968,,away
116,India,359/4d,118.0,3.04,471,3,won,,v Sri Lanka,Colombo (SSC),27 Jul 1993,,away
117,India,359,92.2,3.88,-170,2,lost,,v South Africa,Cape Town,2 Jan 1997,,away
118,India,358/9d,146.0,2.45,358,1,draw,,v New Zealand,Napier,9 Feb 1990,,away
119,India,357,101.1,3.52,357,1,draw,,v England,Nottingham,8 Aug 2002,,away
120,India,356,115.0,3.09,212,3,lost,,v New Zealand,Wellington,26 Dec 1998,,away
121,India,355,109.6x8,2.42,-39,4,lost,,v Australia,Brisbane,19 Jan 1968,,away
122,India,355,168.3,2.1,355,1,draw,,v West Indies,Georgetown,17 Apr 1997,,away
123,India,353,129.4,2.72,353,1,won,,v West Indies,Gros Islet,9 Aug 2016,,away
124,India,352,84.7x8,3.11,-4,3,lost,,v Australia,Melbourne,30 Dec 1967,,away
125,India,352,157.4,2.23,138,2,won,,v West Indies,Port of Spain,6 Mar 1971,,away
126,India,352/7d,110.0,3.2,520,3,won,,v England,Nottingham,18 Aug 2018,,away
127,India,347,125.4,2.76,-154,2,draw,,v West Indies,Bridgetown,1 Apr 1971,,away
128,India,347,108.2,3.2,143,2,draw,,v West Indies,Roseau,6 Jul 2011,,away
129,India,346,146.5,2.35,-81,2,draw,,v West Indies,Kingston,6 Mar 1997,,away
130,India,345,94.3,3.65,-118,4,lost,,v England,The Oval,7 Sep 2018,,away
131,India,344,115.2,2.98,344,1,lost,,v Pakistan,Karachi,14 Nov 1978,,away
132,India,343,88.7x8,2.89,386,3,won,,v Australia,Melbourne,30 Dec 1977,,away
133,India,343/6,90.0,3.81,-64,4,draw,,v England,Manchester,9 Aug 1990,,away
134,India,342,103.1,3.31,318,3,won,,v England,Lord's,17 Jul 2014,,away
135,India,341,137.0,2.48,47,2,won,,v England,Lord's,5 Jun 1986,,away
136,India,339,115.5,2.92,339,1,won,,v West Indies,Port of Spain,19 Apr 2002,,away
137,India,338,115.4,2.92,94,3,lost,,v Sri Lanka,Galle,18 Jul 2010,,away
138,India,334,111.3,2.99,334,1,lost,,v South Africa,Durban,26 Dec 2013,,away
139,India,333,100.1,3.32,-38,4,lost,,v Australia,Adelaide,25 Jan 1992,,away
140,India,331,127.2,2.59,331,1,draw,,v England,The Oval,17 Aug 1946,,away
141,India,331,123.0x8,2.01,-244,2,lost,,v Australia,Melbourne,6 Feb 1948,,away
142,India,330/9d,73.5x8,3.36,338,3,lost,,v Australia,Perth,16 Dec 1977,,away
143,India,330,98.2,3.35,330,1,won,,v Australia,Perth,16 Jan 2008,,away
144,India,330,106.1,3.1,-239,2,lost,,v England,Southampton,27 Jul 2014,,away
145,India,329,82.0,4.01,329,1,won,,v Sri Lanka,Galle,31 Jul 2008,,away
146,India,329,94.5,3.46,329,1,won,,v England,Nottingham,18 Aug 2018,,away
147,India,327,108.1,3.02,141,2,won,,v New Zealand,Wellington,29 Feb 1968,,away
148,India,325/5d,84.0,3.86,376,3,draw,,v Sri Lanka,Kandy,14 Sep 1985,,away
149,India,325/8d,91.0,3.57,412,3,won,,v Sri Lanka,Colombo (PSS),20 Aug 2015,,away
150,India,324,84.7x8,2.86,-16,4,lost,,v Australia,Brisbane,2 Dec 1977,,away
151,India,324,109.1,2.96,142,3,won,,v Australia,Melbourne,7 Feb 1981,,away
152,India,324,84.2,3.84,324,1,draw,,v Pakistan,Sialkot,9 Dec 1989,,away
153,India,321,105.2,3.04,321,1,lost,,v West Indies,Bridgetown,7 Apr 1989,,away
154,India,319,106.0,3.0,21,2,lost,,v West Indies,Bridgetown,27 Mar 1997,,away
155,India,318/4,148.0,2.14,-5,3,draw,,v England,Lord's,2 Aug 1979,,away
156,India,318,89.5,3.53,145,2,won,,v Zimbabwe,Bulawayo,7 Jun 2001,,away
157,India,315,87.1,3.61,-48,4,lost,,v Australia,Adelaide,9 Dec 2014,,away
158,India,313,165.3,1.89,9,2,draw,,v England,Lord's,22 Jul 1971,,away
159,India,312,93.0,3.35,63,3,lost,,v England,The Oval,15 Aug 1936,,away
160,India,312,141.5,2.19,312,1,draw,,v West Indies,Kingston,28 Mar 1953,,away
161,India,312,100.1,3.11,312,1,won,,v Sri Lanka,Colombo (SSC),28 Aug 2015,,away
162,India,307,71.4x8,3.22,-28,2,lost,,v Australia,Adelaide,23 Dec 1967,,away
163,India,307,169.4,1.8,-149,2,draw,,v Zimbabwe,Harare,18 Oct 1992,,away
164,India,307,92.1,3.33,-28,2,lost,,v South Africa,Centurion,13 Jan 2018,,away
165,India,307,106.5,2.87,322,3,won,,v Australia,Adelaide,6 Dec 2018,,away
166,India,306/6d,104.2,2.93,306,1,lost,,v West Indies,Kingston,21 Apr 1976,,away
167,India,306/5,104.0,2.94,339,3,draw,,v Sri Lanka,Colombo (SSC),24 Feb 1999,,away
168,India,305,93.5,3.25,-314,2,draw,,v New Zealand,Napier,26 Mar 2009,,away
169,India,303/3,96.0,3.15,-149,4,draw,,v Pakistan,Karachi,15 Nov 1989,,away
170,India,302,101.5,2.96,-327,2,lost,,v England,Lord's,20 Jun 1974,,away
171,India,301,98.5,3.04,87,3,lost,,v New Zealand,Christchurch,22 Feb 1968,,away
172,India,300,82.0,3.65,163,3,lost,,v Pakistan,Karachi,14 Nov 1978,,away
173,India,300,94.0,3.19,-291,2,lost,,v England,The Oval,18 Aug 2011,,away
174,India,299,124.5,2.39,-77,3,lost,,v Sri Lanka,Colombo (SSC),29 Aug 2001,,away
175,India,298/4,85.0,3.5,-93,4,draw,,v West Indies,Basseterre,22 Jun 2006,,away
176,India,297,116.1,2.55,-336,2,lost,,v England,Birmingham,12 Jul 1979,,away
177,India,296,91.5,3.22,1,3,lost,,v New Zealand,Christchurch,2 Feb 1990,,away
178,India,296,101.2,2.92,4,3,lost,,v West Indies,Bridgetown,2 May 2002,,away
179,India,295,91.4,3.21,295,1,won,,v England,Lord's,17 Jul 2014,,away
180,India,294,143.5,2.04,273,3,draw,,v West Indies,Port of Spain,21 Jan 1953,,away
181,India,294,80.4,3.64,412,3,won,,v Australia,Perth,16 Jan 2008,,away
182,India,293,126.3,2.31,293,1,lost,,v England,Leeds,5 Jun 1952,,away
183,India,292,95.0,3.07,-40,2,lost,,v England,The Oval,7 Sep 2018,,away
184,India,291/9d,69.0x8,3.16,-103,2,lost,,v Australia,Melbourne,1 Jan 1948,,away
185,India,289,102.2,2.82,289,1,lost,,v West Indies,Kingston,28 Apr 1989,,away
186,India,288,92.2,3.11,-214,2,lost,,v New Zealand,Christchurch,22 Feb 1968,,away
187,India,288,113.1,2.54,288,1,draw,,v Pakistan,Faisalabad,23 Nov 1989,,away
188,India,288,91.1,3.15,67,2,lost,,v England,Nottingham,29 Jul 2011,,away
189,India,287,64.1,4.47,287,1,lost,,v Pakistan,Lahore,5 Apr 2004,,away
190,India,286,94.5,3.01,6,3,lost,,v Pakistan,Faisalabad,3 Jan 1983,,away
191,India,286,99.5,2.86,94,3,lost,,v Australia,Melbourne,26 Dec 2003,,away
192,India,286,95.5,2.98,-188,2,lost,,v England,Lord's,21 Jul 2011,,away
193,India,285,113.4,2.5,-156,2,lost,,v Australia,Adelaide,10 Dec 1999,,away
194,India,284,117.3,2.41,-71,2,won,,v England,The Oval,19 Aug 1971,,away
195,India,284,120.5,2.35,156,3,draw,,v New Zealand,Auckland,13 Mar 1981,,away
196,India,284/3,79.0,3.59,-186,2,draw,,v West Indies,Georgetown,31 Mar 1983,,away
197,India,283,91.0,3.1,-8,3,lost,,v England,The Oval,18 Aug 2011,,away
198,India,283,105.5,2.67,-43,2,lost,,v Australia,Perth,14 Dec 2018,,away
199,India,282/9,96.0,2.93,-97,4,draw,,v England,Lord's,19 Jul 2007,,away
0,India,282,94.1,2.99,-51,2,lost,,v Australia,Melbourne,26 Dec 2011,,away
1,India,281/5,100.0,2.81,-91,4,draw,,v Sri Lanka,Colombo (SSC),9 Aug 1997,,away
2,India,280,107.2,2.6,59,2,lost,,v Zimbabwe,Harare,7 Oct 1998,,away
3,India,280,103.0,2.71,280,1,draw,,v South Africa,Johannesburg,18 Dec 2013,,away
4,India,279,131.2,2.12,279,1,draw,,v West Indies,Port of Spain,19 Feb 1953,,away
5,India,279,100.0x8,2.09,-100,2,lost,,v Australia,Brisbane,19 Jan 1968,,away
6,India,277,92.5x8,2.24,-16,3,lost,,v Australia,Adelaide,23 Jan 1948,,away
7,India,277,112.4,2.45,-132,4,lost,,v England,Birmingham,13 Jul 1967,,away
8,India,277,79.2,3.49,0,3,lost,,v West Indies,Bridgetown,15 Apr 1983,,away
9,India,277,134.0,2.06,23,2,draw,,v South Africa,Durban,13 Nov 1992,,away
10,India,276,151.4,1.81,-84,2,draw,,v South Africa,Cape Town,2 Jan 1993,,away
11,India,276,65.0,4.24,-244,2,lost,,v Sri Lanka,Galle,18 Jul 2010,,away
12,India,275,81.1,3.38,47,3,lost,,v England,Lord's,22 Jun 1946,,away
13,India,274,76.0,3.6,385,3,won,,v Sri Lanka,Colombo (SSC),28 Aug 2015,,away
14,India,274,76.0,3.6,-13,2,lost,,v England,Birmingham,1 Aug 2018,,away
15,India,273,111.4,2.44,-119,3,lost,,v Pakistan,Hyderabad (Sind),14 Jan 1983,,away
16,India,273,84.5,3.21,27,2,lost,,v England,Southampton,30 Aug 2018,,away
17,India,272,104.2,2.6,272,1,won,,v England,Leeds,19 Jun 1986,,away
18,India,272,89.5,3.02,-74,2,lost,,v Australia,Perth,1 Feb 1992,,away
19,India,272,95.1,2.85,-332,2,lost,,v Australia,Adelaide,24 Jan 2012,,away
20,India,270,60.6x8,3.33,270,1,draw,,v New Zealand,Christchurch,5 Feb 1976,,away
21,India,269,82.2x8,2.45,-236,2,lost,,v Australia,Adelaide,28 Jan 1978,,away
22,India,269/7d,90.0,2.98,232,3,draw,,v Australia,Adelaide,24 Jan 2008,,away
23,India,269,76.2,3.52,306,3,won,,v Sri Lanka,Galle,31 Jul 2008,,away
24,India,269/6d,102.0,2.63,280,3,draw,,v West Indies,Bridgetown,28 Jun 2011,,away
25,India,268,85.1x8,2.36,-49,2,lost,,v Australia,Sydney,26 Jan 1968,,away
26,India,268,87.5,3.05,121,3,lost,,v Sri Lanka,Colombo (PSS),8 Aug 2008,,away
27,India,266/8d,83.0,3.2,355,3,draw,,v South Africa,Johannesburg,16 Jan 1997,,away
28,India,265,58.4,4.51,-341,4,lost,,v Pakistan,Karachi,29 Jan 2006,,away
29,India,264/3,78.4,3.35,1,4,won,,v Sri Lanka,Kandy,22 Aug 2001,,away
30,India,263,93.2,2.81,263,1,lost,,v Australia,Melbourne,26 Dec 1991,,away
31,India,262,124.5,2.09,262,1,draw,,v West Indies,Georgetown,11 Mar 1953,,away
32,India,262,72.2,3.62,-147,2,draw,,v Pakistan,Karachi,15 Nov 1989,,away
33,India,261/5d,96.0,2.71,373,3,won,,v New Zealand,Auckland,7 Mar 1968,,away
34,India,261,58.0,4.5,-141,3,lost,,v Australia,Sydney,2 Jan 2000,,away
35,India,261,96.3,2.7,-196,4,lost,,v England,Lord's,21 Jul 2011,,away
36,India,258,89.1,2.89,258,1,lost,,v West Indies,Bridgetown,23 Mar 1962,,away
37,India,258/5,68.3,3.76,2,4,won,,v Sri Lanka,Colombo (PSS),3 Aug 2010,,away
38,India,256,69.2x8,2.77,256,1,won,,v Australia,Melbourne,30 Dec 1977,,away
39,India,255/6,79.0x8,2.42,122,3,draw,,v New Zealand,Christchurch,5 Feb 1976,,away
40,India,255,127.0,2.0,255,1,draw,,v New Zealand,Christchurch,6 Mar 1981,,away
41,India,253,134.0,1.88,-43,2,lost,,v West Indies,Bridgetown,7 Feb 1953,,away
42,India,253,95.4,2.64,-83,3,lost,,v England,Birmingham,12 Jul 1979,,away
43,India,252,90.4,2.77,252,1,won,,v New Zealand,Auckland,7 Mar 1968,,away
44,India,252,88.3,2.84,-155,4,lost,,v West Indies,Kingston,18 May 2002,,away
45,India,252,94.5,2.65,325,3,won,,v West Indies,Kingston,20 Jun 2011,,away
46,India,252/7,89.5,2.8,-96,4,draw,,v Australia,Sydney,6 Jan 2015,,away
47,India,251,128.1,1.95,-77,2,draw,,v Pakistan,Lahore,29 Jan 1955,,away
48,India,251,60.2x8,3.12,-146,4,lost,,v Australia,Adelaide,23 Dec 1967,,away
49,India,251,87.4,2.86,251,1,lost,,v West Indies,Kingston,23 Feb 1983,,away
50,India,251,119.3,2.1,122,3,draw,,v Sri Lanka,Colombo (SSC),30 Aug 1985,,away
51,India,251,97.3,2.57,195,3,lost,,v West Indies,Bridgetown,7 Apr 1989,,away
52,India,250,88.0,2.84,250,1,won,,v Australia,Adelaide,6 Dec 2018,,away
53,India,249,84.3,2.94,249,1,draw,,v Sri Lanka,Kandy,14 Sep 1985,,away
54,India,249/2,52.1,4.77,-165,4,draw,,v New Zealand,Hamilton,2 Jan 1999,,away
55,India,249,79.5,3.11,249,1,won,,v South Africa,Johannesburg,15 Dec 2006,,away
56,India,249,80.0,3.11,249,1,lost,,v Sri Lanka,Colombo (PSS),8 Aug 2008,,away
57,India,247/5d,88.0,2.8,154,3,draw,,v West Indies,St John's,28 Apr 1983,,away
58,India,247,80.1,3.08,240,3,won,,v South Africa,Johannesburg,24 Jan 2018,,away
59,India,246,84.0,2.92,-82,2,lost,,v England,Manchester,6 Jun 1974,,away
60,India,246,102.3,2.4,59,2,draw,,v New Zealand,Hamilton,19 Mar 1994,,away
61,India,246,61.2,4.01,246,1,won,,v West Indies,Kingston,20 Jun 2011,,away
62,India,245,108.0,2.26,57,2,draw,,v Pakistan,Peshawar,13 Feb 1955,,away
63,India,244,95.1,2.56,-141,2,lost,,v Sri Lanka,Colombo (PSS),6 Sep 1985,,away
64,India,244,55.3,4.39,-242,3,lost,,v England,Birmingham,10 Aug 2011,,away
65,India,243,70.5,3.43,243,1,won,,v Bangladesh,Chattogram,17 Jan 2010,,away
66,India,241,62.4,3.84,39,3,lost,,v Pakistan,Lahore,5 Apr 2004,,away
67,India,241,92.5,2.59,241,1,draw,,v West Indies,St John's,2 Jun 2006,,away
68,India,240,77.5,3.08,-88,2,lost,,v South Africa,Durban,26 Dec 2006,,away
69,India,240/3d,53.0,4.52,549,3,won,,v Sri Lanka,Galle,26 Jul 2017,,away
70,India,239,88.1,2.71,239,1,lost,,v Australia,Brisbane,29 Nov 1991,,away
71,India,238,130.3,1.82,238,1,draw,,v New Zealand,Auckland,13 Mar 1981,,away
72,India,238,76.1,3.12,-167,2,lost,,v Australia,Melbourne,26 Dec 1999,,away
73,India,238,54.1,4.39,-7,2,lost,,v Pakistan,Karachi,29 Jan 2006,,away
74,India,237,84.0,2.82,237,1,won,,v Australia,Melbourne,7 Feb 1981,,away
75,India,237,76.3,3.09,407,3,won,,v England,Leeds,19 Jun 1986,,away
76,India,237,74.2,3.18,237,1,lost,,v Zimbabwe,Harare,15 Jun 2001,,away
77,India,237,69.4,3.4,53,3,lost,,v South Africa,Bloemfontein,3 Nov 2001,,away
78,India,236,64.4,3.64,401,3,won,,v South Africa,Johannesburg,15 Dec 2006,,away
79,India,235,94.3,2.48,235,1,lost,,v England,Lord's,19 Jun 1952,,away
80,India,235,119.5,1.96,235,1,draw,,v Pakistan,Bahawalpur,15 Jan 1955,,away
81,India,235,104.5,2.24,-123,4,lost,,v West Indies,Kingston,13 Apr 1962,,away
82,India,235/3,81.2,2.88,-88,2,draw,,v Pakistan,Lahore,23 Jan 1983,,away
83,India,234/7,84.0,2.78,308,3,draw,,v Pakistan,Sialkot,9 Dec 1989,,away
84,India,234,98.5,2.36,156,3,lost,,v Zimbabwe,Harare,15 Jun 2001,,away
85,India,234,81.1,2.88,234,1,lost,,v Sri Lanka,Colombo (SSC),29 Aug 2001,,away
86,India,233/6,72.4,3.2,4,4,won,,v Australia,Adelaide,12 Dec 2003,,away
87,India,232,64.1,3.61,-42,2,won,,v Sri Lanka,Kandy,22 Aug 2001,,away
88,India,228,102.4,2.22,-131,2,won,,v West Indies,Port of Spain,7 Apr 1976,,away
89,India,228,70.5,3.21,302,3,won,,v South Africa,Durban,26 Dec 2010,,away
90,India,227,108.0,2.1,-65,2,draw,,v South Africa,Johannesburg,26 Nov 1992,,away
91,India,225,84.2,2.66,80,2,lost,,v Australia,Adelaide,25 Jan 1992,,away
92,India,224/2,68.0,3.29,197,3,draw,,v Pakistan,Karachi,30 Jan 1983,,away
93,India,224,62.0,3.61,-247,4,lost,,v England,Lord's,26 Jul 1990,,away
94,India,224,62.2,3.59,224,1,lost,,v England,Birmingham,10 Aug 2011,,away
95,India,224,64.3,3.47,127,3,lost,,v Australia,Brisbane,17 Dec 2014,,away
96,India,223/6,110.0,2.02,-47,2,draw,,v England,Leeds,16 Aug 1979,,away
97,India,223,72.4,3.06,-152,2,lost,,v New Zealand,Wellington,21 Feb 1981,,away
98,India,223,72.5,3.06,-377,2,lost,,v Sri Lanka,Colombo (SSC),23 Jul 2008,,away
99,India,223,86.0,2.59,57,3,lost,,v South Africa,Durban,26 Dec 2013,,away
100,India,222,85.5,2.58,-249,2,lost,,v England,The Oval,15 Aug 1936,,away
101,India,221/5,103.0,2.14,-113,4,draw,,v West Indies,Bridgetown,1 Apr 1971,,away
102,India,221,81.5,2.7,-266,2,lost,,v England,Lord's,25 Jul 2002,,away
103,India,220,73.7x8,2.23,220,1,lost,,v New Zealand,Wellington,13 Feb 1976,,away
104,India,219,70.4,3.09,120,3,lost,,v England,Birmingham,6 Jun 1996,,away
105,India,218,84.5,2.56,-18,3,lost,,v West Indies,Kingston,7 Mar 1962,,away
106,India,218,97.2,2.23,218,1,draw,,v Sri Lanka,Colombo (SSC),30 Aug 1985,,away
107,India,218,92.1,2.36,312,3,won,,v West Indies,Port of Spain,19 Apr 2002,,away
108,India,217/7d,48.0,4.52,345,3,won,,v West Indies,Gros Islet,9 Aug 2016,,away
109,India,216,67.4,3.19,-78,3,lost,,v England,Birmingham,4 Jul 1974,,away
110,India,215,73.0,2.94,152,3,lost,,v South Africa,Port Elizabeth,26 Dec 1992,,away
111,India,214,73.0,2.93,-97,3,lost,,v West Indies,Bridgetown,10 Mar 1976,,away
112,India,214,69.1,3.09,214,1,lost,,v England,Birmingham,6 Jun 1996,,away
113,India,213,81.5,2.6,-217,4,lost,,v West Indies,Port of Spain,15 Apr 1989,,away
114,India,213,88.0,2.42,127,3,lost,,v Australia,Melbourne,26 Dec 1991,,away
115,India,212,93.0,2.27,-174,2,draw,,v England,Manchester,5 Aug 1971,,away
116,India,212,95.5,2.21,212,1,lost,,v South Africa,Port Elizabeth,26 Dec 1992,,away
117,India,212/2,69.0,3.07,-121,2,draw,,v West Indies,St John's,4 Apr 1997,,away
118,India,212,75.0,2.82,-210,2,lost,,v West Indies,Kingston,18 May 2002,,away
119,India,211,69.0,3.05,168,3,draw,,v England,Nottingham,4 Jul 1996,,away
120,India,211/2d,43.2,4.86,442,3,draw,,v Australia,Sydney,2 Jan 2004,,away
121,India,210,70.5,2.96,-122,4,lost,,v Australia,Sydney,2 Jan 2008,,away
122,India,209/5,89.0,2.34,132,3,draw,,v Pakistan,Bahawalpur,15 Jan 1955,,away
123,India,209,57.2,3.64,209,1,lost,,v West Indies,Bridgetown,15 Apr 1983,,away
124,India,209,73.4,2.83,-77,2,lost,,v South Africa,Cape Town,5 Jan 2018,,away
125,India,208,79.0,2.63,-282,2,lost,,v England,Manchester,23 Jul 1959,,away
126,India,208,65.4,3.16,208,1,lost,,v New Zealand,Wellington,26 Dec 1998,,away
127,India,206,102.5,2.0,-216,2,lost,,v England,Nottingham,4 Jun 1959,,away
128,India,206/3,96.2,2.13,-188,4,draw,,v South Africa,Port Elizabeth,16 Nov 2001,,away
129,India,205,65.1,3.14,205,1,won,,v South Africa,Durban,26 Dec 2010,,away
130,India,203,68.1,2.97,203,1,draw,,v England,Manchester,25 Jul 1936,,away
131,India,203,73.3,2.76,203,1,lost,,v West Indies,Port of Spain,16 Feb 1962,,away
132,India,202,79.3,2.54,-103,2,draw,,v England,The Oval,30 Aug 1979,,away
133,India,202,60.0,3.36,-301,2,lost,,v New Zealand,Auckland,6 Feb 2014,,away
134,India,201,53.2,3.76,201,1,lost,,v Australia,Sydney,2 Jan 1981,,away
135,India,201,62.0,3.24,-4,3,lost,,v Australia,Sydney,2 Jan 1981,,away
136,India,201,62.0,3.24,-161,2,draw,,v South Africa,Port Elizabeth,16 Nov 2001,,away
137,India,201,77.2,2.59,-97,2,draw,,v England,Lord's,19 Jul 2007,,away
138,India,201,68.0,2.95,201,1,draw,,v West Indies,Bridgetown,28 Jun 2011,,away
139,India,201,69.4,2.88,-298,4,lost,,v Australia,Adelaide,24 Jan 2012,,away
140,India,200,76.1,2.62,200,1,lost,,v England,Lord's,22 Jun 1946,,away
141,India,200/5,74.4,2.67,1,4,won,,v New Zealand,Dunedin,15 Feb 1968,,away
142,India,200,87.4,2.28,200,1,won,,v West Indies,Kingston,30 Jun 2006,,away
143,India,199,56.5,3.5,199,1,lost,,v Pakistan,Lahore,27 Oct 1978,,away
144,India,198,66.2,2.98,-149,4,lost,,v Sri Lanka,Colombo (PSS),6 Sep 1985,,away
145,India,197,80.3,2.44,-247,2,lost,,v West Indies,Port of Spain,4 Apr 1962,,away
146,India,197,73.6x8,2.0,-144,4,lost,,v Australia,Sydney,26 Jan 1968,,away
147,India,197,60.1,3.27,-86,3,lost,,v Pakistan,Karachi,23 Dec 1982,,away
148,India,196,71.5,2.72,-147,2,lost,,v Australia,Melbourne,26 Dec 2007,,away
149,India,195,89.3,2.17,-180,4,lost,,v Australia,Melbourne,26 Dec 1999,,away
150,India,194,95.0,2.04,-27,3,lost,,v England,The Oval,20 Aug 1959,,away
151,India,191,59.3,3.21,191,1,lost,,v Australia,Sydney,3 Jan 2012,,away
152,India,190/5,98.0,1.93,88,3,draw,,v West Indies,Georgetown,11 Mar 1953,,away
153,India,190,75.3,2.51,-62,4,lost,,v New Zealand,Wellington,21 Feb 1981,,away
154,India,189,93.0,2.03,-70,2,lost,,v England,Lord's,25 Jun 1932,,away
155,India,189,56.2,3.35,-392,2,lost,,v Pakistan,Hyderabad (Sind),14 Jan 1983,,away
156,India,188,70.0x8,2.01,188,1,draw,,v Australia,Sydney,12 Dec 1947,,away
157,India,187,59.3,3.14,-158,4,lost,,v England,Lord's,25 Jun 1932,,away
158,India,187,185.3,1.0,-30,3,lost,,v West Indies,Bridgetown,23 Mar 1962,,away
159,India,187,95.3,1.95,187,1,lost,,v Sri Lanka,Galle,14 Aug 2001,,away
160,India,187,76.4,2.43,187,1,won,,v South Africa,Johannesburg,24 Jan 2018,,away
161,India,184/2,53.4,3.42,1,4,won,,v Zimbabwe,Bulawayo,7 Jun 2001,,away
162,India,184,69.4,2.64,-60,4,lost,,v England,Southampton,30 Aug 2018,,away
163,India,182,85.1,2.13,-113,4,lost,,v England,Manchester,6 Jun 1974,,away
164,India,180,74.5,2.4,5,3,lost,,v Sri Lanka,Galle,14 Aug 2001,,away
165,India,180/6d,58.0,3.1,499,3,draw,,v England,The Oval,9 Aug 2007,,away
166,India,179,55.1,3.24,-174,4,lost,,v South Africa,Durban,26 Dec 2006,,away
167,India,178,67.2,2.64,-75,2,lost,,v West Indies,Kingston,13 Apr 1962,,away
168,India,178,66.4,2.67,-266,4,lost,,v England,Southampton,27 Jul 2014,,away
169,India,177,54.1,3.26,177,1,lost,,v West Indies,Bridgetown,10 Mar 1976,,away
170,India,177/3,59.0,3.0,-132,4,draw,,v New Zealand,Hamilton,19 Mar 1994,,away
171,India,175,66.1,2.64,175,1,draw,,v West Indies,Port of Spain,11 Mar 1983,,away
172,India,174/6,101.0,1.72,2,4,won,,v England,The Oval,19 Aug 1971,,away
173,India,174,85.3,2.03,171,3,lost,,v West Indies,Kingston,23 Feb 1983,,away
174,India,174/5,78.0,2.23,-61,4,draw,,v England,Birmingham,3 Jul 1986,,away
175,India,174/6,66.0,2.63,-209,4,draw,,v Australia,Melbourne,26 Dec 2014,,away
176,India,173,57.4x8,2.25,173,1,lost,,v Australia,Melbourne,30 Dec 1967,,away
177,India,173,56.4,3.05,-61,4,lost,,v Zimbabwe,Harare,7 Oct 1998,,away
178,India,171,65.1,2.62,268,3,won,,v West Indies,Kingston,30 Jun 2006,,away
179,India,171,63.2,2.7,-37,3,lost,,v Australia,Perth,13 Jan 2012,,away
180,India,170,82.0,2.07,-124,2,draw,,v England,Manchester,20 Jul 1946,,away
181,India,169,53.1,3.17,169,1,lost,,v Pakistan,Karachi,23 Dec 1982,,away
182,India,169,64.0,2.64,210,3,lost,,v South Africa,Cape Town,2 Jan 2007,,away
183,India,169,47.5,3.53,-122,4,lost,,v Australia,Melbourne,26 Dec 2011,,away
184,India,168,77.4,2.16,168,1,lost,,v England,Lord's,18 Jun 1959,,away
185,India,166/3,82.0,2.02,-173,4,draw,,v South Africa,Cape Town,2 Jan 2011,,away
186,India,166/3,52.0,3.19,-268,4,draw,,v New Zealand,Wellington,14 Feb 2014,,away
187,India,165,67.0,2.46,124,3,lost,,v England,Leeds,5 Jun 1952,,away
188,India,165,79.1,2.08,107,3,lost,,v England,Lord's,18 Jun 1959,,away
189,India,165,59.2,2.78,165,1,lost,,v England,Birmingham,4 Jul 1974,,away
190,India,164,87.2,1.87,-386,2,lost,,v England,Leeds,8 Jun 1967,,away
191,India,164,45.5,3.57,-295,2,lost,,v New Zealand,Christchurch,2 Feb 1990,,away
192,India,162,54.2,2.98,-31,4,lost,,v England,Birmingham,1 Aug 2018,,away
193,India,161,68.5,2.33,161,1,lost,,v England,Leeds,2 Jul 1959,,away
194,India,161,58.4,2.74,161,1,lost,,v New Zealand,Wellington,12 Dec 2002,,away
195,India,161,74.0,2.17,-337,4,lost,,v Australia,Melbourne,26 Dec 2007,,away
196,India,161,60.2,2.66,161,1,lost,,v Australia,Perth,13 Jan 2012,,away
197,India,161,43.0,3.74,-54,3,lost,,v England,Manchester,7 Aug 2014,,away
198,India,158,47.4,3.31,-319,4,lost,,v England,Nottingham,29 Jul 2011,,away
199,India,157,97.3,1.61,-59,3,lost,,v England,Nottingham,4 Jun 1959,,away
0,India,156,72.5,2.14,-272,2,draw,,v Pakistan,Lahore,17 Oct 1984,,away
1,India,156,58.2,2.67,55,3,lost,,v Australia,Brisbane,29 Nov 1991,,away
2,India,154,43.5,3.51,159,3,lost,,v New Zealand,Hamilton,19 Dec 2002,,away
3,India,153,50.0x8,2.29,-13,2,lost,,v Australia,Brisbane,2 Dec 1977,,away
4,India,152/9,61.0,2.49,-125,4,draw,,v England,Manchester,20 Jul 1946,,away
5,India,152,55.4,2.73,152,1,lost,,v England,Lord's,22 Jun 1967,,away
6,India,152,48.3,3.13,57,3,lost,,v West Indies,Kingston,28 Apr 1989,,away
7,India,152,46.4,3.25,152,1,lost,,v England,Manchester,7 Aug 2014,,away
8,India,151,50.2,3.00,-135,4,lost,,v South Africa,Centurion,13 Jan 2018,,away
9,India,150,67.0,2.23,-164,2,lost,,v West Indies,Port of Spain,15 Apr 1989,,away
10,India,150,67.5,2.21,150,1,lost,,v Australia,Sydney,2 Jan 2000,,away
11,India,149,55.4,2.67,-173,3,lost,,v England,Leeds,2 Jul 1959,,away
12,India,149/0,45.0,3.31,-243,4,draw,,v New Zealand,Auckland,22 Feb 1990,,away
13,India,148,82.5,1.78,-109,2,draw,,v Pakistan,Dhaka,1 Jan 1955,,away
14,India,148,61.1,2.41,148,1,lost,,v England,The Oval,15 Aug 2014,,away
15,India,147,55.1,2.66,147,1,lost,,v England,Lord's,27 Jun 1936,,away
16,India,147/2,82.0,1.79,-120,4,draw,,v Pakistan,Dhaka,1 Jan 1955,,away
17,India,145,63.3,2.28,-17,2,draw,,v Pakistan,Karachi,26 Feb 1955,,away
18,India,145/8,50.0,2.90,-37,4,draw,,v England,Lord's,22 Jul 1971,,away
19,India,144,66.2,2.17,-282,4,lost,,v South Africa,Cape Town,2 Jan 1997,,away
20,India,141,55.1,2.55,-300,4,lost,,v Australia,Perth,1 Feb 1992,,away
21,India,141/4,82.0,1.71,-176,4,draw,,v South Africa,Johannesburg,26 Nov 1992,,away
22,India,140,85.3,1.63,140,1,lost,,v England,The Oval,20 Aug 1959,,away
23,India,140,56.0,2.50,-146,4,lost,,v Australia,Perth,14 Dec 2018,,away
24,India,138,45.0,3.06,-239,3,lost,,v Sri Lanka,Colombo (SSC),23 Jul 2008,,away
25,India,136/5,42.0,3.23,3,4,won,,v England,Lord's,5 Jun 1986,,away
26,India,136,38.4,3.51,136,1,lost,,v South Africa,Centurion,16 Dec 2010,,away
27,India,135/8,75.0,1.80,-195,4,draw,,v Australia,Adelaide,23 Jan 1981,,away
28,India,135,42.4,3.16,-72,4,lost,,v South Africa,Cape Town,5 Jan 2018,,away
29,India,130,47.0,2.76,-159,3,lost,,v England,Lord's,9 Aug 2018,,away
30,India,129,79.5,1.61,-142,4,lost,,v West Indies,Bridgetown,7 Feb 1953,,away
31,India,128,50.4,2.52,-305,2,lost,,v England,Lord's,10 Jun 1982,,away
32,India,125,25.7x8,3.62,-233,4,lost,,v Australia,Melbourne,1 Jan 1948,,away
33,India,125/3,49.4,2.51,2,4,won,,v West Indies,Port of Spain,6 Mar 1971,,away
34,India,123/0,30.0,4.10,-171,4,draw,,v West Indies,Georgetown,19 Mar 1971,,away
35,India,121,38.1,3.17,35,3,lost,,v New Zealand,Wellington,12 Dec 2002,,away
36,India,112,49.5,2.24,-63,4,lost,,v Sri Lanka,Galle,12 Aug 2015,,away
37,India,111/3,36.0,3.08,-264,4,draw,,v England,The Oval,8 Jul 1982,,away
38,India,110,56.3,1.94,-124,3,lost,,v England,Lord's,22 Jun 1967,,away
39,India,110,38.1,2.88,-285,4,lost,,v Australia,Adelaide,10 Dec 1999,,away
40,India,107,35.2,3.02,107,1,lost,,v England,Lord's,9 Aug 2018,,away
41,India,106/8d,37.3,2.82,398,3,won,,v Australia,Melbourne,26 Dec 2018,,away
42,India,102,33.4,3.02,102,1,lost,,v West Indies,Bridgetown,2 May 2002,,away
43,India,100,39.1,2.55,-135,2,lost,,v South Africa,Durban,26 Dec 1996,,away
44,India,100/6d,24.0,4.16,249,3,draw,,v Bangladesh,Chattogram,18 May 2007,,away
45,India,99/2,48.0,2.06,-223,4,draw,,v West Indies,Kingston,6 Mar 1997,,away
46,India,99,38.2,2.58,99,1,lost,,v New Zealand,Hamilton,19 Dec 2002,,away
47,India,98,49.7x8,1.47,-226,3,lost,,v Australia,Brisbane,28 Nov 1947,,away
48,India,98,38.5,2.52,-228,2,draw,,v England,The Oval,14 Aug 1952,,away
49,India,98,50.5,1.92,12,3,lost,,v West Indies,Port of Spain,16 Feb 1962,,away
50,India,97,26.2,3.68,12,3,lost,,v West Indies,Kingston,21 Apr 1976,,away
51,India,96,55.5,1.71,96,1,draw,,v England,Lord's,2 Aug 1979,,away
52,India,94/3,32.0,2.93,-85,4,draw,,v West Indies,Roseau,6 Jul 2011,,away
53,India,94,29.2,3.20,-244,3,lost,,v England,The Oval,15 Aug 2014,,away
54,India,93,46.0,2.02,106,3,lost,,v England,Lord's,27 Jun 1936,,away
55,India,92,36.3,2.52,-206,2,lost,,v England,Birmingham,13 Jul 1967,,away
56,India,86/1,39.0,2.20,-351,2,draw,,v West Indies,Georgetown,25 Mar 1989,,away
57,India,82,36.3,2.24,-207,3,lost,,v England,Manchester,17 Jul 1952,,away
58,India,81,26.3x8,2.30,-33,3,lost,,v New Zealand,Wellington,13 Feb 1976,,away
59,India,81,35.5,2.26,-38,4,lost,,v West Indies,Bridgetown,27 Mar 1997,,away
60,India,74/2,32.0,2.31,-139,4,draw,,v Pakistan,Lahore,29 Jan 1955,,away
61,India,73/2,16.0,4.56,-125,4,draw,,v Australia,Brisbane,4 Dec 2003,,away
62,India,73/3,24.1,3.02,1,4,won,,v England,Nottingham,27 Jul 2007,,away
63,India,71/2,14.2x8,3.73,4,4,won,,v New Zealand,Auckland,24 Jan 1976,,away
64,India,69/2,32.0,2.15,-189,4,draw,,v Pakistan,Karachi,26 Feb 1955,,away
65,India,67,24.2x8,2.07,-177,3,lost,,v Australia,Melbourne,6 Feb 1948,,away
66,India,66,34.1,1.93,-328,4,lost,,v South Africa,Durban,26 Dec 1996,,away
67,India,65/3,27.0,2.40,-354,4,draw,,v England,Manchester,5 Aug 1971,,away
68,India,64/1,15.0,4.26,2,4,won,,v Bangladesh,Dhaka,10 Nov 2000,,away
69,India,61/7,37.0x8,1.23,142,3,draw,,v Australia,Sydney,12 Dec 1947,,away
70,India,59/2,13.3,4.37,1,4,won,,v New Zealand,Wellington,29 Feb 1968,,away
71,India,59/2,25.0,2.36,-66,4,draw,,v Australia,Melbourne,26 Dec 1985,,away
72,India,58,21.3x8,2.03,-324,2,lost,,v Australia,Brisbane,28 Nov 1947,,away
73,India,58,21.4,2.67,-289,2,lost,,v England,Manchester,17 Jul 1952,,away
74,India,43/0,19.0,2.26,-262,4,draw,,v Pakistan,Faisalabad,16 Oct 1978,,away
75,India,42,17.0,2.47,-285,3,lost,,v England,Lord's,20 Jun 1974,,away
76,India,39/0,5.2,7.31,1,4,won,,v New Zealand,Hamilton,18 Mar 2009,,away
77,India,29/1,14.0,2.07,-185,4,draw,,v South Africa,Cape Town,2 Jan 1993,,away
78,India,23/1,19.0,1.21,-102,4,draw,,v Pakistan,Peshawar,13 Feb 1955,,away
79,India,21/0,8.0,2.62,-454,4,draw,,v Pakistan,Faisalabad,21 Jan 2006,,away
80,India,19/0,2.2,8.14,1,4,won,,v Zimbabwe,Harare,20 Sep 2005,,away
81,India,2/0,0.2,6.00,1,4,won,,v Bangladesh,Dhaka,24 Jan 2010,,away
82,India,DNB,0.0,-,0,0,draw,,v Sri Lanka,Kandy,17 Jul 1993,,away
83,India,DNB,0.0,-,0,0,draw,,v West Indies,Port of Spain,18 Aug 2016,,away
