"","Team","Score","Overs","RPO","Lead","Inns","Result","","Opposition","Ground","Start Date","","ha"
"1","New Zealand","715/6d","163.0","4.38","481","2","won","","v Bangladesh","Hamilton","28 Feb 2019","","home"
"2","New Zealand","680/8d","210.0","3.23","434","3","draw","","v India","Wellington","14 Feb 2014","","home"
"3","New Zealand","671/4","220.3","3.04","348","3","draw","","v Sri Lanka","Wellington","31 Jan 1991","","home"
"4","New Zealand","619/9d","154.4","4.00","619","1","draw","","v India","Napier","26 Mar 2009","","home"
"5","New Zealand","609/9d","153.1","3.97","609","1","draw","","v West Indies","Dunedin","3 Dec 2013","","home"
"6","New Zealand","595","148.5","3.99","299","2","won","","v South Africa","Auckland","18 Mar 2004","","home"
"7","New Zealand","586/7d","146.0","4.01","586","1","won","","v Sri Lanka","Dunedin","7 Mar 1997","","home"
"8","New Zealand","585/4d","153.0","3.82","659","3","won","","v Sri Lanka","Christchurch","26 Dec 2018","","home"
"9","New Zealand","578","157.3","3.66","296","2","draw","","v Sri Lanka","Wellington","15 Dec 2018","","home"
"10","New Zealand","563","151.2","3.72","563","1","draw","","v Pakistan","Hamilton","19 Dec 2003","","home"
"11","New Zealand","561","159.1","3.52","561","1","draw","","v Sri Lanka","Napier","4 Apr 2005","","home"
"12","New Zealand","553/7d","135.0","4.09","553","1","won","","v Bangladesh","Hamilton","15 Feb 2010","","home"
"13","New Zealand","539","148.2","3.63","-56","2","won","","v Bangladesh","Wellington","12 Jan 2017","","home"
"14","New Zealand","537","187.3","2.86","293","3","draw","","v England","Wellington","20 Jan 1984","","home"
"15","New Zealand","524/5d","172.0","3.04","389","3","won","","v Sri Lanka","Wellington","3 Jan 2015","","home"
"16","New Zealand","522/9d","146.0","3.57","311","2","won","","v Sri Lanka","Wellington","11 Apr 2005","","home"
"17","New Zealand","520/9d","148.4","3.49","386","2","won","","v West Indies","Wellington","1 Dec 2017","","home"
"18","New Zealand","518/9d","173.3","2.98","518","1","won","","v West Indies","Wellington","26 Dec 1999","","home"
"19","New Zealand","512/6d","197.0","2.59","512","1","draw","","v England","Wellington","3 Mar 1988","","home"
"20","New Zealand","509","164.4","3.09","50","2","draw","","v South Africa","Hamilton","10 Mar 2004","","home"
"21","New Zealand","503","121.4","4.13","503","1","won","","v India","Auckland","6 Feb 2014","","home"
"22","New Zealand","502","186.3","2.69","502","1","won","","v India","Christchurch","22 Feb 1968","","home"
"23","New Zealand","496/9d","169.2","2.92","496","1","draw","","v England","Auckland","10 Feb 1984","","home"
"24","New Zealand","495/7d","123.4","4.00","495","1","won","","v Zimbabwe","Napier","26 Jan 2012","","home"
"25","New Zealand","492","175.0","2.81","492","1","draw","","v Pakistan","Wellington","18 Jan 1985","","home"
"26","New Zealand","489","162.1","3.01","175","2","draw","","v South Africa","Hamilton","25 Mar 2017","","home"
"27","New Zealand","487/7d","181.0","2.69","487","1","draw","","v Zimbabwe","Wellington","26 Dec 2000","","home"
"28","New Zealand","484","169.0x8","2.14","-27","2","draw","","v Australia","Wellington","1 Mar 1974","","home"
"29","New Zealand","483/5d","159.0","3.03","392","3","draw","","v India","Auckland","22 Feb 1990","","home"
"30","New Zealand","476","156.0","3.05","476","1","draw","","v Pakistan","Christchurch","15 Mar 2001","","home"
"31","New Zealand","471","139.0","3.38","248","2","draw","","v Pakistan","Napier","11 Dec 2009","","home"
"32","New Zealand","470","138.3","3.39","470","1","won","","v England","Hamilton","5 Mar 2008","","home"
"33","New Zealand","464/8d","137.5","3.36","414","3","draw","","v India","Hamilton","2 Jan 1999","","home"
"34","New Zealand","460","130.4","3.52","232","2","draw","","v West Indies","Christchurch","22 Feb 1980","","home"
"35","New Zealand","460","120.1","3.82","290","2","won","","v Zimbabwe","Auckland","26 Feb 1998","","home"
"36","New Zealand","460/9d","116.4","3.94","293","2","draw","","v England","Dunedin","6 Mar 2013","","home"
"37","New Zealand","459","155.3","2.95","459","1","won","","v India","Christchurch","2 Feb 1990","","home"
"38","New Zealand","451/9d","147.0","3.06","282","2","won","","v Pakistan","Auckland","25 Jan 1985","","home"
"39","New Zealand","451","93.3","4.82","-98","4","lost","","v England","Christchurch","13 Mar 2002","","home"
"40","New Zealand","447","169.4","2.63","447","1","draw","","v Pakistan","Wellington","10 Feb 1989","","home"
"41","New Zealand","443","152.3","2.90","443","1","draw","","v England","Auckland","22 Mar 2013","","home"
"42","New Zealand","441/5d","133.0","3.31","366","3","draw","","v Zimbabwe","Auckland","20 Jan 1996","","home"
"43","New Zealand","441","115.1","3.82","441","1","won","","v West Indies","Wellington","11 Dec 2013","","home"
"44","New Zealand","441","85.5","5.13","441","1","won","","v Sri Lanka","Christchurch","26 Dec 2014","","home"
"45","New Zealand","440","136.3","3.22","440","1","draw","","v England","Wellington","24 Jan 1930","","home"
"46","New Zealand","433","141.0","3.07","433","1","lost","","v Australia","Christchurch","10 Mar 2005","","home"
"47","New Zealand","432/9d","192.0","2.25","127","2","draw","","v England","Wellington","6 Feb 1992","","home"
"48","New Zealand","432/6d","84.5","5.09","221","2","won","","v Bangladesh","Wellington","8 Mar 2019","","home"
"49","New Zealand","431","118.5","3.62","-121","4","lost","","v England","Napier","22 Mar 2008","","home"
"50","New Zealand","431","96.1","4.48","431","1","won","","v Sri Lanka","Dunedin","10 Dec 2015","","home"
"51","New Zealand","429","131.5","3.25","429","1","won","","v Pakistan","Dunedin","24 Nov 2009","","home"
"52","New Zealand","427/8d","141.0","3.02","369","2","won","","v England","Auckland","22 Mar 2018","","home"
"53","New Zealand","417/8d","157.2","2.65","417","1","draw","","v England","Christchurch","17 Mar 1951","","home"
"54","New Zealand","411","145.1","2.83","231","2","won","","v Zimbabwe","Wellington","19 Feb 1998","","home"
"55","New Zealand","407/4d","112.2","3.62","303","2","won","","v Pakistan","Hamilton","27 Mar 2001","","home"
"56","New Zealand","407","134.5","3.01","105","3","lost","","v Australia","Wellington","19 Mar 2010","","home"
"57","New Zealand","403","132.1x8","2.28","133","2","draw","","v India","Christchurch","5 Feb 1976","","home"
"58","New Zealand","403","184.1","2.18","-213","2","draw","","v Pakistan","Auckland","24 Feb 1989","","home"
"59","New Zealand","402","90.6x8","3.32","0","2","draw","","v Pakistan","Auckland","16 Feb 1973","","home"
"60","New Zealand","402","101.3x8","2.97","42","2","draw","","v Pakistan","Napier","16 Feb 1979","","home"
"61","New Zealand","393","130.2","3.01","28","2","won","","v West Indies","Hamilton","16 Dec 1999","","home"
"62","New Zealand","393","103.2","3.80","250","2","won","","v Bangladesh","Wellington","12 Jan 2008","","home"
"63","New Zealand","391","92.2","4.23","391","1","draw","","v India","Auckland","22 Feb 1990","","home"
"64","New Zealand","390","131.5","2.95","390","1","draw","","v England","Auckland","24 Jan 1997","","home"
"65","New Zealand","387","166.1","2.32","-153","2","draw","","v England","Auckland","21 Feb 1930","","home"
"66","New Zealand","387","150.3","2.57","177","2","won","","v Australia","Auckland","12 Mar 1982","","home"
"67","New Zealand","386/5d","177.0","2.18","269","3","draw","","v West Indies","Wellington","20 Feb 1987","","home"
"68","New Zealand","382/8","118.0x8","2.42","268","3","draw","","v England","Auckland","4 Mar 1978","","home"
"69","New Zealand","379/6","126.3","2.99","-56","2","draw","","v Australia","Wellington","21 Feb 1986","","home"
"70","New Zealand","375","119.0","3.15","375","1","won","","v India","Wellington","21 Feb 1981","","home"
"71","New Zealand","374/6d","105.0","3.56","417","3","draw","","v Sri Lanka","Hamilton","22 Feb 1991","","home"
"72","New Zealand","373","102.2","3.64","373","1","won","","v West Indies","Hamilton","9 Dec 2017","","home"
"73","New Zealand","372","106.3","3.49","180","2","won","","v West Indies","Wellington","17 Mar 2006","","home"
"74","New Zealand","371","126.4","2.92","64","2","draw","","v West Indies","Napier","19 Dec 2008","","home"
"75","New Zealand","370","65.4","5.63","370","1","lost","","v Australia","Christchurch","20 Feb 2016","","home"
"76","New Zealand","368/7d","129.0","2.85","309","3","draw","","v India","Hamilton","19 Mar 1994","","home"
"77","New Zealand","367/6","118.4x8","2.32","167","3","draw","","v West Indies","Christchurch","13 Mar 1969","","home"
"78","New Zealand","366","186.0","1.96","128","2","draw","","v India","Auckland","13 Mar 1981","","home"
"79","New Zealand","366","121.2","3.01","366","1","draw","","v India","Hamilton","2 Jan 1999","","home"
"80","New Zealand","366","142.3","2.56","366","1","lost","","v Pakistan","Wellington","26 Dec 2003","","home"
"81","New Zealand","365/9d","77.1","4.73","365","1","won","","v Bangladesh","Hamilton","18 Dec 2001","","home"
"82","New Zealand","365","116.0","3.14","365","1","draw","","v West Indies","Dunedin","11 Dec 2008","","home"
"83","New Zealand","364","99.5","3.64","364","1","lost","","v South Africa","Wellington","4 Mar 1932","","home"
"84","New Zealand","361","95.2","3.78","-12","3","lost","","v Pakistan","Wellington","17 Feb 1994","","home"
"85","New Zealand","357","95.2x8","2.81","-195","2","draw","","v Australia","Christchurch","18 Feb 1977","","home"
"86","New Zealand","357","91.0","3.92","220","2","won","","v Bangladesh","Dunedin","4 Jan 2008","","home"
"87","New Zealand","356","127.1","2.79","356","1","draw","","v Pakistan","Wellington","15 Jan 2011","","home"
"88","New Zealand","354","92.4","3.82","65","2","won","","v Bangladesh","Christchurch","20 Jan 2017","","home"
"89","New Zealand","352","148.4","2.36","144","2","won","","v India","Wellington","26 Dec 1998","","home"
"90","New Zealand","352","160.4","2.19","-269","2","draw","","v South Africa","Auckland","27 Feb 1999","","home"
"91","New Zealand","350","157.3","2.22","350","1","lost","","v India","Dunedin","15 Feb 1968","","home"
"92","New Zealand","350/7d","169.0","2.07","328","3","draw","","v England","Auckland","25 Feb 1988","","home"
"93","New Zealand","349","117.3","2.97","-18","2","won","","v West Indies","Hamilton","19 Dec 2013","","home"
"94","New Zealand","347","143.4","2.41","5","2","draw","","v England","Christchurch","25 Feb 1966","","home"
"95","New Zealand","346","129.1","2.67","346","1","lost","","v England","Christchurch","14 Feb 1997","","home"
"96","New Zealand","345/9d","102.4","3.36","345","1","draw","","v England","Christchurch","21 Mar 1947","","home"
"97","New Zealand","344","101.5","3.37","344","1","won","","v Sri Lanka","Christchurch","4 Mar 1983","","home"
"98","New Zealand","342","89.5x8","2.86","342","1","draw","","v England","Christchurch","28 Feb 1975","","home"
"99","New Zealand","341/8d","124.1","2.74","341","1","draw","","v West Indies","Christchurch","3 Feb 1995","","home"
"100","New Zealand","341/6d","88.0","3.87","209","2","won","","v Bangladesh","Wellington","26 Dec 2001","","home"
"101","New Zealand","341","114.3","2.97","33","2","draw","","v South Africa","Dunedin","8 Mar 2017","","home"
"102","New Zealand","339","107.3","3.15","-25","2","draw","","v Australia","Christchurch","28 Feb 1986","","home"
"103","New Zealand","335","111.1","3.01","200","3","lost","","v Australia","Christchurch","20 Feb 2016","","home"
"104","New Zealand","334","113.7x8","2.19","114","2","won","","v India","Wellington","13 Feb 1976","","home"
"105","New Zealand","332/9d","100.5","3.29","232","2","won","","v West Indies","Christchurch","12 Mar 1987","","home"
"106","New Zealand","329","135.0","2.43","329","1","draw","","v Australia","Wellington","4 Mar 1993","","home"
"107","New Zealand","328","140.4","2.33","34","2","lost","","v South Africa","Auckland","4 Mar 1995","","home"
"108","New Zealand","327","104.3","3.12","-52","3","lost","","v Australia","Wellington","12 Feb 2016","","home"
"109","New Zealand","326","89.0x8","2.74","-267","2","lost","","v England","Auckland","20 Feb 1975","","home"
"110","New Zealand","325","74.4x8","3.27","-32","2","draw","","v Pakistan","Wellington","2 Feb 1973","","home"
"111","New Zealand","324/5","107.0","3.02","1","4","won","","v Pakistan","Christchurch","24 Feb 1994","","home"
"112","New Zealand","323","73.4x8","3.29","323","1","lost","","v West Indies","Auckland","27 Feb 1969","","home"
"113","New Zealand","317","115.3","2.74","-63","2","draw","","v Sri Lanka","Auckland","1 Mar 1991","","home"
"114","New Zealand","315","105.6x8","2.23","315","1","draw","","v England","Auckland","4 Mar 1978","","home"
"115","New Zealand","313/7d","106.0x8","2.21","-8","2","draw","","v England","Auckland","5 Mar 1971","","home"
"116","New Zealand","313/5d","85.3","3.66","368","3","won","","v Pakistan","Hamilton","25 Nov 2016","","home"
"117","New Zealand","312","127.4","2.44","-268","2","lost","","v England","Christchurch","18 Jan 1992","","home"
"118","New Zealand","311","100.3","3.09","-126","4","lost","","v England","Wellington","13 Mar 2008","","home"
"119","New Zealand","307","72.1","4.25","307","1","won","","v England","Christchurch","3 Feb 1984","","home"
"120","New Zealand","307","139.0","2.20","74","2","draw","","v Sri Lanka","Dunedin","18 Mar 1995","","home"
"121","New Zealand","305","128.2","2.37","85","2","draw","","v West Indies","Auckland","29 Feb 1980","","home"
"122","New Zealand","302","91.1","3.31","-176","4","lost","","v Australia","Hamilton","27 Mar 2010","","home"
"123","New Zealand","301","134.2","2.24","301","1","draw","","v England","Auckland","25 Feb 1988","","home"
"124","New Zealand","298","80.5","3.68","298","1","lost","","v Australia","Wellington","24 Mar 2000","","home"
"125","New Zealand","297/8d","112.2x8","1.98","344","3","lost","","v West Indies","Auckland","27 Feb 1969","","home"
"126","New Zealand","297","104.0","2.85","297","1","lost","","v South Africa","Wellington","26 Mar 2004","","home"
"127","New Zealand","296","132.5","2.22","296","1","draw","","v England","Auckland","11 Mar 1966","","home"
"128","New Zealand","296","121.4","2.43","296","1","draw","","v Sri Lanka","Hamilton","22 Feb 1991","","home"
"129","New Zealand","294","96.2","3.05","173","3","lost","","v Australia","Wellington","24 Mar 2000","","home"
"130","New Zealand","293","114.4","2.55","293","1","lost","","v South Africa","Christchurch","27 Feb 1932","","home"
"131","New Zealand","293/8","84.0x8","2.61","-56","4","draw","","v Australia","Christchurch","18 Feb 1977","","home"
"132","New Zealand","293","90.5","3.22","273","3","draw","","v Pakistan","Wellington","15 Jan 2011","","home"
"133","New Zealand","292","116.2","2.51","292","1","lost","","v Australia","Auckland","26 Mar 2005","","home"
"134","New Zealand","291","105.3","2.75","15","3","lost","","v South Africa","Wellington","18 Mar 1999","","home"
"135","New Zealand","291/8d","77.4","3.74","443","3","won","","v West Indies","Hamilton","9 Dec 2017","","home"
"136","New Zealand","290","88.4x8","2.45","19","2","lost","","v Pakistan","Christchurch","2 Feb 1979","","home"
"137","New Zealand","286/5","145.0","1.97","31","2","draw","","v India","Christchurch","6 Mar 1981","","home"
"138","New Zealand","286","91.4","3.12","78","2","lost","","v Pakistan","Christchurch","8 Dec 1995","","home"
"139","New Zealand","286","85.1","3.35","-217","4","lost","","v Sri Lanka","Wellington","15 Dec 2006","","home"
"140","New Zealand","282","83.7x8","2.52","-15","2","won","","v West Indies","Wellington","7 Mar 1969","","home"
"141","New Zealand","281/8d","91.2x8","2.30","176","3","draw","","v Pakistan","Auckland","23 Feb 1979","","home"
"142","New Zealand","281/8","94.3","2.97","-335","4","draw","","v India","Wellington","3 Apr 2009","","home"
"143","New Zealand","279","78.2","3.56","279","1","lost","","v India","Hamilton","18 Mar 2009","","home"
"144","New Zealand","279","102.3","2.72","38","3","lost","","v India","Hamilton","18 Mar 2009","","home"
"145","New Zealand","278/8","99.4","2.78","1","4","won","","v Pakistan","Dunedin","9 Feb 1985","","home"
"146","New Zealand","278","93.3","2.97","-29","2","draw","","v England","Christchurch","30 Mar 2018","","home"
"147","New Zealand","275","69.1","3.97","275","1","won","","v West Indies","Auckland","9 Mar 2006","","home"
"148","New Zealand","275","97.5","2.81","275","1","lost","","v Pakistan","Hamilton","7 Jan 2011","","home"
"149","New Zealand","275","96.0","2.86","-199","2","draw","","v South Africa","Wellington","23 Mar 2012","","home"
"150","New Zealand","273","111.2","2.45","12","3","lost","","v West Indies","Auckland","27 Feb 1987","","home"
"151","New Zealand","273","97.4","2.79","325","3","won","","v Sri Lanka","Hamilton","14 Mar 1997","","home"
"152","New Zealand","273","88.2","3.09","35","2","draw","","v South Africa","Dunedin","7 Mar 2012","","home"
"153","New Zealand","272","97.3","2.78","68","3","lost","","v Australia","Christchurch","19 Mar 1982","","home"
"154","New Zealand","272","103.1","2.63","290","3","won","","v West Indies","Auckland","9 Mar 2006","","home"
"155","New Zealand","271","83.4","3.23","271","1","won","","v Pakistan","Hamilton","25 Nov 2016","","home"
"156","New Zealand","269/9d","63.1","4.25","311","3","won","","v England","Auckland","30 Mar 2002","","home"
"157","New Zealand","268","79.3","3.37","268","1","lost","","v South Africa","Wellington","16 Mar 2017","","home"
"158","New Zealand","267/3d","65.4","4.06","404","3","won","","v Sri Lanka","Dunedin","10 Dec 2015","","home"
"159","New Zealand","266","118.2","2.24","266","1","lost","","v England","Christchurch","15 Mar 1963","","home"
"160","New Zealand","266","114.2","2.32","266","1","draw","","v Pakistan","Wellington","22 Jan 1965","","home"
"161","New Zealand","266","87.0x8","2.29","266","1","lost","","v India","Auckland","24 Jan 1976","","home"
"162","New Zealand","266/7d","116.0","2.29","266","1","draw","","v Australia","Wellington","26 Feb 1982","","home"
"163","New Zealand","264","132.1","1.99","-4","3","lost","","v England","Christchurch","18 Jan 1992","","home"
"164","New Zealand","264","109.0","2.42","48","2","lost","","v Pakistan","Hamilton","2 Jan 1993","","home"
"165","New Zealand","264","63.3","4.15","33","2","lost","","v Australia","Hamilton","27 Mar 2010","","home"
"166","New Zealand","263","131.3","2.00","-108","2","draw","","v South Africa","Auckland","13 Mar 1964","","home"
"167","New Zealand","263","82.5","3.17","-141","4","lost","","v Pakistan","Wellington","3 Dec 2009","","home"
"168","New Zealand","261/5","99.0","2.63","-121","4","draw","","v Sri Lanka","Auckland","1 Mar 1991","","home"
"169","New Zealand","258","110.4","2.33","-304","2","lost","","v England","Auckland","23 Feb 1963","","home"
"170","New Zealand","258","97.0","2.65","-56","2","won","","v Australia","Auckland","13 Mar 1986","","home"
"171","New Zealand","258/5d","71.0","3.63","403","3","won","","v Bangladesh","Hamilton","15 Feb 2010","","home"
"172","New Zealand","256/8","124.4","2.05","-125","4","draw","","v England","Christchurch","30 Mar 2018","","home"
"173","New Zealand","255","166.5","1.52","255","1","won","","v West Indies","Auckland","9 Mar 1956","","home"
"174","New Zealand","255","73.6x8","2.59","32","2","won","","v Australia","Christchurch","8 Mar 1974","","home"
"175","New Zealand","254","97.3x8","1.95","88","3","lost","","v England","Christchurch","25 Feb 1971","","home"
"176","New Zealand","254","55.7x8","3.40","254","1","draw","","v Pakistan","Auckland","23 Feb 1979","","home"
"177","New Zealand","254","69.2","3.66","163","3","lost","","v Australia","Auckland","26 Mar 2005","","home"
"178","New Zealand","254","89.2","2.84","-211","2","draw","","v England","Wellington","14 Mar 2013","","home"
"179","New Zealand","253","152.5","1.65","-49","2","draw","","v South Africa","Wellington","21 Feb 1964","","home"
"180","New Zealand","252","96.4","2.60","-94","2","lost","","v Pakistan","Auckland","8 Mar 2001","","home"
"181","New Zealand","252","96.2","2.61","233","3","lost","","v South Africa","Wellington","26 Mar 2004","","home"
"182","New Zealand","251","95.3","2.62","251","1","draw","","v Zimbabwe","Auckland","20 Jan 1996","","home"
"183","New Zealand","249","95.5","2.59","109","2","won","","v West Indies","Dunedin","8 Feb 1980","","home"
"184","New Zealand","248/9d","114.0","2.17","117","3","draw","","v England","Auckland","24 Jan 1997","","home"
"185","New Zealand","247","91.1","2.70","86","2","won","","v India","Wellington","12 Dec 2002","","home"
"186","New Zealand","245","171.2","1.42","-132","2","draw","","v South Africa","Auckland","13 Mar 1953","","home"
"187","New Zealand","244/3","84.0","2.90","-25","3","draw","","v South Africa","Auckland","27 Feb 1999","","home"
"188","New Zealand","244","81.1","3.00","-326","2","draw","","v Australia","Wellington","18 Mar 2005","","home"
"189","New Zealand","243","94.5","2.56","-60","3","lost","","v Australia","Christchurch","25 Feb 1993","","home"
"190","New Zealand","242","68.3","3.53","242","1","lost","","v Pakistan","Auckland","10 Feb 1994","","home"
"191","New Zealand","241/6d","57.2","4.20","480","3","draw","","v England","Auckland","22 Mar 2013","","home"
"192","New Zealand","238","92.4","2.56","301","3","draw","","v Sri Lanka","Napier","4 Apr 2005","","home"
"193","New Zealand","237","79.4","2.97","-55","2","won","","v Sri Lanka","Hamilton","18 Dec 2015","","home"
"194","New Zealand","236","119.4","1.97","236","1","lost","","v West Indies","Christchurch","8 Feb 1952","","home"
"195","New Zealand","235","92.7x8","1.89","-183","2","lost","","v England","Christchurch","24 Feb 1978","","home"
"196","New Zealand","232","82.5","2.80","232","1","lost","","v Australia","Hamilton","31 Mar 2000","","home"
"197","New Zealand","230/5","83.6x8","2.05","3","4","won","","v Australia","Christchurch","8 Mar 1974","","home"
"198","New Zealand","230/8d","80.0","2.87","230","1","draw","","v Zimbabwe","Hamilton","13 Jan 1996","","home"
"199","New Zealand","229","66.3x8","2.58","229","1","lost","","v Australia","Auckland","25 Feb 1977","","home"
"200","New Zealand","229","86.4","2.64","209","3","lost","","v Australia","Hamilton","31 Mar 2000","","home"
"201","New Zealand","228","87.6x8","1.94","228","1","won","","v England","Wellington","10 Feb 1978","","home"
"202","New Zealand","228","89.0","2.56","228","1","draw","","v West Indies","Wellington","20 Feb 1987","","home"
"203","New Zealand","224","95.5","2.33","85","2","won","","v Australia","Auckland","12 Mar 1993","","home"
"204","New Zealand","223","116.1","1.91","-337","2","draw","","v England","Christchurch","24 Mar 1933","","home"
"205","New Zealand","223/5","83.0","2.68","-90","4","draw","","v Pakistan","Christchurch","12 Feb 1965","","home"
"206","New Zealand","222/5d","75.0","2.96","256","3","draw","","v Zimbabwe","Hamilton","13 Jan 1996","","home"
"207","New Zealand","222","90.4","2.44","222","1","won","","v Sri Lanka","Hamilton","14 Mar 1997","","home"
"208","New Zealand","222","102.3","2.16","222","1","lost","","v South Africa","Wellington","18 Mar 1999","","home"
"209","New Zealand","221","55.1","4.00","221","1","won","","v Sri Lanka","Wellington","3 Jan 2015","","home"
"210","New Zealand","220","85.4","2.56","-54","2","won","","v Pakistan","Dunedin","9 Feb 1985","","home"
"211","New Zealand","220/5","51.0","4.31","-91","4","draw","","v West Indies","Napier","19 Dec 2008","","home"
"212","New Zealand","219","93.4","2.33","219","1","draw","","v England","Wellington","20 Jan 1984","","home"
"213","New Zealand","218","73.3","2.96","-62","4","lost","","v Australia","Auckland","11 Mar 2000","","home"
"214","New Zealand","218","88.3","2.46","-62","2","draw","","v England","Wellington","21 Mar 2002","","home"
"215","New Zealand","217","80.3x8","2.02","-200","2","draw","","v West Indies","Christchurch","13 Mar 1969","","home"
"216","New Zealand","217/3","39.4","5.47","1","4","won","","v Bangladesh","Wellington","12 Jan 2017","","home"
"217","New Zealand","216","84.4","2.55","-444","2","lost","","v West Indies","Wellington","10 Feb 1995","","home"
"218","New Zealand","215","70.2x8","2.29","67","3","lost","","v India","Auckland","24 Jan 1976","","home"
"219","New Zealand","215/6","60.3","3.55","3","4","won","","v India","Wellington","26 Dec 1998","","home"
"220","New Zealand","214","98.4","2.16","-12","2","draw","","v Pakistan","Auckland","29 Jan 1965","","home"
"221","New Zealand","214","79.0","2.70","-168","4","lost","","v England","Auckland","30 Jan 1992","","home"
"222","New Zealand","210/7","115.0","1.82","241","3","draw","","v Australia","Wellington","4 Mar 1993","","home"
"223","New Zealand","208","110.2","1.88","-71","3","lost","","v West Indies","Dunedin","3 Feb 1956","","home"
"224","New Zealand","208","140.0","1.48","-196","2","lost","","v West Indies","Wellington","3 Mar 1956","","home"
"225","New Zealand","208","106.5","1.94","12","3","lost","","v West Indies","Wellington","3 Mar 1956","","home"
"226","New Zealand","208","104.0","2.00","199","3","lost","","v India","Dunedin","15 Feb 1968","","home"
"227","New Zealand","206","85.4","2.40","52","2","won","","v Sri Lanka","Christchurch","7 Dec 2006","","home"
"228","New Zealand","202","98.5","2.04","-4","2","draw","","v Pakistan","Christchurch","12 Feb 1965","","home"
"229","New Zealand","202","121.0","1.66","92","2","won","","v Australia","Wellington","15 Mar 1990","","home"
"230","New Zealand","202","75.2","2.68","202","1","won","","v England","Auckland","30 Mar 2002","","home"
"231","New Zealand","201","72.2","2.77","-39","2","won","","v Sri Lanka","Wellington","11 Mar 1983","","home"
"232","New Zealand","201/5","72.4","2.76","1","4","won","","v Australia","Auckland","12 Mar 1993","","home"
"233","New Zealand","200","88.4","2.25","200","1","lost","","v England","Auckland","25 Mar 1955","","home"
"234","New Zealand","200","56.0","3.57","-144","2","won","","v Pakistan","Christchurch","24 Feb 1994","","home"
"235","New Zealand","200/6","80.4","2.47","-188","4","draw","","v South Africa","Wellington","23 Mar 2012","","home"
"236","New Zealand","200","59.5","3.34","67","2","won","","v Pakistan","Christchurch","17 Nov 2016","","home"
"237","New Zealand","199","81.2","2.44","58","3","lost","","v India","Wellington","29 Feb 1968","","home"
"238","New Zealand","198","57.5","3.42","-144","2","lost","","v England","Wellington","13 Mar 2008","","home"
"239","New Zealand","197","65.0","3.03","-182","2","draw","","v India","Wellington","3 Apr 2009","","home"
"240","New Zealand","196/1d","73.0","2.68","101","3","draw","","v Pakistan","Christchurch","15 Mar 2001","","home"
"241","New Zealand","195","80.4","2.41","-161","4","lost","","v Pakistan","Christchurch","8 Dec 1995","","home"
"242","New Zealand","194","76.3","2.53","194","1","lost","","v England","Wellington","1 Mar 1963","","home"
"243","New Zealand","193","72.0","2.68","147","3","lost","","v South Africa","Wellington","4 Mar 1932","","home"
"244","New Zealand","192","105.4","1.81","192","1","draw","","v England","Dunedin","4 Mar 1966","","home"
"245","New Zealand","192","52.5","3.63","192","1","draw","","v India","Wellington","14 Feb 2014","","home"
"246","New Zealand","191/8","101.0","1.89","-117","4","draw","","v South Africa","Auckland","13 Mar 1964","","home"
"247","New Zealand","191","103.2","1.84","-68","3","lost","","v England","Wellington","6 Feb 1997","","home"
"248","New Zealand","189","72.2","2.61","87","3","lost","","v England","Wellington","24 Mar 1951","","home"
"249","New Zealand","189","114.2","1.65","138","3","lost","","v West Indies","Christchurch","8 Feb 1952","","home"
"250","New Zealand","189/5","54.3","3.46","1","4","won","","v Sri Lanka","Hamilton","18 Dec 2015","","home"
"251","New Zealand","187","98.0","1.90","-47","3","lost","","v England","Wellington","1 Mar 1963","","home"
"252","New Zealand","187","97.2","1.92","187","1","draw","","v India","Hamilton","19 Mar 1994","","home"
"253","New Zealand","186","89.2","2.08","186","1","lost","","v India","Wellington","29 Feb 1968","","home"
"254","New Zealand","186/8","61.0","3.04","195","3","draw","","v Pakistan","Wellington","10 Feb 1989","","home"
"255","New Zealand","186","88.3","2.10","304","3","lost","","v England","Christchurch","14 Feb 1997","","home"
"256","New Zealand","185","49.4x8","2.80","-166","3","lost","","v Pakistan","Dunedin","7 Feb 1973","","home"
"257","New Zealand","185","84.4","2.18","-241","4","lost","","v Sri Lanka","Napier","11 Mar 1995","","home"
"258","New Zealand","185","61.2","3.01","185","1","lost","","v South Africa","Hamilton","15 Mar 2012","","home"
"259","New Zealand","184","57.5x8","2.39","-83","3","lost","","v England","Auckland","20 Feb 1975","","home"
"260","New Zealand","183","48.0","3.81","183","1","lost","","v Australia","Wellington","12 Feb 2016","","home"
"261","New Zealand","182","86.0","2.11","-303","2","lost","","v Australia","Christchurch","25 Feb 1993","","home"
"262","New Zealand","181","89.3","2.02","181","1","draw","","v England","Auckland","14 Mar 1959","","home"
"263","New Zealand","181/1","63.4","2.84","4","4","won","","v Australia","Wellington","15 Mar 1990","","home"
"264","New Zealand","181","55.5","3.24","-93","4","lost","","v South Africa","Auckland","4 Mar 1995","","home"
"265","New Zealand","179/7d","80.4","2.21","258","3","draw","","v Pakistan","Wellington","22 Jan 1965","","home"
"266","New Zealand","178/1","71.0","2.50","-180","2","draw","","v India","Napier","9 Feb 1990","","home"
"267","New Zealand","178","50.0","3.56","178","1","won","","v Sri Lanka","Christchurch","26 Dec 2018","","home"
"268","New Zealand","177/9d","55.0","3.21","299","3","won","","v England","Hamilton","5 Mar 2008","","home"
"269","New Zealand","176","56.0x8","2.35","-128","4","lost","","v Pakistan","Christchurch","2 Feb 1979","","home"
"270","New Zealand","175","42.7x8","3.06","27","3","lost","","v Australia","Auckland","25 Feb 1977","","home"
"271","New Zealand","175","67.0","2.61","175","1","lost","","v Pakistan","Wellington","17 Feb 1994","","home"
"272","New Zealand","174","58.2","2.98","174","1","draw","","v Sri Lanka","Wellington","31 Jan 1991","","home"
"273","New Zealand","172","123.4","1.39","-352","2","lost","","v South Africa","Wellington","6 Mar 1953","","home"
"274","New Zealand","172","118.5","1.44","-180","3","lost","","v South Africa","Wellington","6 Mar 1953","","home"
"275","New Zealand","171","63.2","2.70","80","3","lost","","v South Africa","Wellington","16 Mar 2017","","home"
"276","New Zealand","168","81.5","2.05","-151","2","draw","","v England","Christchurch","12 Feb 1988","","home"
"277","New Zealand","168","63.4","2.63","168","1","draw","","v South Africa","Christchurch","11 Mar 1999","","home"
"278","New Zealand","168","48.4","3.45","-85","2","lost","","v England","Napier","22 Mar 2008","","home"
"279","New Zealand","168","67.5","2.47","100","3","lost","","v South Africa","Hamilton","15 Mar 2012","","home"
"280","New Zealand","166/7","80.0","2.07","-53","4","draw","","v Pakistan","Auckland","29 Jan 1965","","home"
"281","New Zealand","166/4","48.5x8","2.56","3","4","won","","v West Indies","Wellington","7 Mar 1969","","home"
"282","New Zealand","164/4d","53.0","3.09","284","3","draw","","v England","Wellington","24 Jan 1930","","home"
"283","New Zealand","164","60.4","2.70","-64","3","lost","","v West Indies","Christchurch","18 Feb 1956","","home"
"284","New Zealand","163","62.1","2.62","-51","2","lost","","v Australia","Auckland","11 Mar 2000","","home"
"285","New Zealand","162/2","68.0","2.38","-49","3","draw","","v England","Wellington","14 Mar 2013","","home"
"286","New Zealand","160","99.4","1.60","-386","2","draw","","v West Indies","Auckland","15 Feb 1952","","home"
"287","New Zealand","160/2","84.4","1.88","1","4","won","","v Australia","Auckland","13 Mar 1986","","home"
"288","New Zealand","160/6","56.2","2.84","1","4","won","","v India","Hamilton","19 Dec 2002","","home"
"289","New Zealand","159","83.4","1.90","172","3","lost","","v England","Christchurch","15 Mar 1963","","home"
"290","New Zealand","158","56.5","2.78","158","1","draw","","v England","Auckland","31 Mar 1933","","home"
"291","New Zealand","158","75.5","2.08","-228","2","lost","","v West Indies","Christchurch","18 Feb 1956","","home"
"292","New Zealand","158","53.0x8","2.23","-297","4","lost","","v Australia","Auckland","22 Mar 1974","","home"
"293","New Zealand","158/4","84.0","1.88","-197","4","draw","","v England","Wellington","21 Mar 2002","","home"
"294","New Zealand","157/9d","80.0","1.96","267","3","won","","v West Indies","Auckland","9 Mar 1956","","home"
"295","New Zealand","157","53.0","2.96","-261","2","lost","","v West Indies","Auckland","27 Feb 1987","","home"
"296","New Zealand","157","59.1","2.65","-302","2","lost","","v Australia","Wellington","19 Mar 2010","","home"
"297","New Zealand","156","51.5x8","2.26","-351","2","lost","","v Pakistan","Dunedin","7 Feb 1973","","home"
"298","New Zealand","153/4d","40.0","3.82","300","3","draw","","v Zimbabwe","Wellington","26 Dec 2000","","home"
"299","New Zealand","153","67.0","2.28","250","3","won","","v Pakistan","Dunedin","24 Nov 2009","","home"
"300","New Zealand","149","94.0","1.58","149","1","draw","","v South Africa","Dunedin","28 Feb 1964","","home"
"301","New Zealand","149","52.2","2.84","-204","2","lost","","v Australia","Christchurch","19 Mar 1982","","home"
"302","New Zealand","147/9","82.0","1.79","85","3","draw","","v England","Dunedin","4 Mar 1966","","home"
"303","New Zealand","147","51.2","2.86","-81","2","lost","","v England","Christchurch","13 Mar 2002","","home"
"304","New Zealand","146","61.5","2.36","-12","3","lost","","v South Africa","Christchurch","27 Feb 1932","","home"
"305","New Zealand","142","72.5","1.94","-232","2","lost","","v England","Christchurch","27 Feb 1959","","home"
"306","New Zealand","142","63.0","2.25","-61","2","lost","","v England","Auckland","30 Jan 1992","","home"
"307","New Zealand","140","77.1","1.81","-112","2","lost","","v India","Auckland","7 Mar 1968","","home"
"308","New Zealand","138/6","76.0","1.81","-129","4","draw","","v South Africa","Wellington","21 Feb 1964","","home"
"309","New Zealand","138","84.5","1.62","64","3","draw","","v South Africa","Dunedin","28 Feb 1964","","home"
"310","New Zealand","137/2","41.0","3.34","-263","4","draw","","v South Africa","Dunedin","7 Mar 2012","","home"
"311","New Zealand","134/4","37.1","3.60","2","4","won","","v Sri Lanka","Wellington","11 Mar 1983","","home"
"312","New Zealand","133","72.2","1.83","-99","3","lost","","v England","Christchurch","27 Feb 1959","","home"
"313","New Zealand","132","56.3","2.33","48","3","lost","","v England","Dunedin","11 Mar 1955","","home"
"314","New Zealand","131","60.3","2.16","62","3","lost","","v England","Christchurch","10 Jan 1930","","home"
"315","New Zealand","131","59.4","2.19","-299","4","lost","","v Pakistan","Auckland","8 Mar 2001","","home"
"316","New Zealand","131","50.0","2.62","132","3","lost","","v Australia","Christchurch","10 Mar 2005","","home"
"317","New Zealand","130/4","77.0","1.68","-173","4","draw","","v England","Christchurch","12 Feb 1988","","home"
"318","New Zealand","130","39.1","3.31","-138","2","lost","","v Sri Lanka","Wellington","15 Dec 2006","","home"
"319","New Zealand","129","102.4","1.25","203","3","draw","","v England","Auckland","11 Mar 1966","","home"
"320","New Zealand","127/1","54.0","2.35","-147","3","draw","","v South Africa","Christchurch","11 Mar 1999","","home"
"321","New Zealand","125","70.0","1.78","125","1","lost","","v England","Wellington","24 Mar 1951","","home"
"322","New Zealand","125","81.2","1.53","125","1","lost","","v England","Dunedin","11 Mar 1955","","home"
"323","New Zealand","124","48.3","2.55","124","1","lost","","v England","Wellington","6 Feb 1997","","home"
"324","New Zealand","124/2","40.4","3.04","3","4","won","","v West Indies","Hamilton","19 Dec 2013","","home"
"325","New Zealand","123","44.3x8","2.07","136","3","won","","v England","Wellington","10 Feb 1978","","home"
"326","New Zealand","122","40.2","3.02","-322","3","lost","","v West Indies","Wellington","10 Feb 1995","","home"
"327","New Zealand","119/5","33.0","3.60","1","4","won","","v Sri Lanka","Christchurch","7 Dec 2006","","home"
"328","New Zealand","112","47.1","2.37","112","1","lost","","v England","Christchurch","10 Jan 1930","","home"
"329","New Zealand","112","30.2x8","2.77","-109","2","lost","","v Australia","Auckland","22 Mar 1974","","home"
"330","New Zealand","111/1","18.4","5.94","3","4","won","","v Bangladesh","Christchurch","20 Jan 2017","","home"
"331","New Zealand","110","32.1","3.41","137","3","lost","","v Pakistan","Auckland","10 Feb 1994","","home"
"332","New Zealand","110","38.3","2.85","18","3","lost","","v Pakistan","Hamilton","7 Jan 2011","","home"
"333","New Zealand","109/5","29.4","3.67","6","4","won","","v Australia","Auckland","12 Mar 1982","","home"
"334","New Zealand","109","42.5","2.54","-74","2","lost","","v Sri Lanka","Napier","11 Mar 1995","","home"
"335","New Zealand","108/2","31.3","3.42","4","4","won","","v Pakistan","Christchurch","17 Nov 2016","","home"
"336","New Zealand","107/2","30.4","3.48","3","4","won","","v Sri Lanka","Christchurch","26 Dec 2014","","home"
"337","New Zealand","105","27.0x8","2.91","-174","4","lost","","v England","Christchurch","24 Feb 1978","","home"
"338","New Zealand","105","41.2","2.54","406","3","won","","v India","Auckland","6 Feb 2014","","home"
"339","New Zealand","104/9","50.0","2.08","1","4","won","","v West Indies","Dunedin","8 Feb 1980","","home"
"340","New Zealand","103/4","45.0","2.28","273","3","draw","","v Pakistan","Wellington","18 Jan 1985","","home"
"341","New Zealand","103","53.0","1.94","273","3","lost","","v Pakistan","Wellington","26 Dec 2003","","home"
"342","New Zealand","101","61.4","1.63","-272","4","lost","","v India","Auckland","7 Mar 1968","","home"
"343","New Zealand","100","49.0","2.04","252","3","won","","v India","Wellington","21 Feb 1981","","home"
"344","New Zealand","99/3","50.4","1.95","-114","3","draw","","v Pakistan","Auckland","24 Feb 1989","","home"
"345","New Zealand","99","36.5","2.68","-165","2","lost","","v Pakistan","Wellington","3 Dec 2009","","home"
"346","New Zealand","96/1","34.0","2.82","-234","2","draw","","v England","Auckland","14 Feb 1930","","home"
"347","New Zealand","96/8","41.1","2.33","196","3","draw","","v Pakistan","Hamilton","19 Dec 2003","","home"
"348","New Zealand","95/5","62.0","1.53","-61","4","draw","","v India","Auckland","13 Mar 1981","","home"
"349","New Zealand","94","38.2","2.45","-5","2","won","","v India","Hamilton","19 Dec 2002","","home"
"350","New Zealand","93","43.3","2.13","-33","4","lost","","v Pakistan","Hamilton","2 Jan 1993","","home"
"351","New Zealand","92/3","24.0x8","2.87","-179","4","draw","","v Pakistan","Auckland","16 Feb 1973","","home"
"352","New Zealand","90/0","19.0","4.73","-117","4","draw","","v Pakistan","Napier","11 Dec 2009","","home"
"353","New Zealand","89","53.1","1.67","-215","3","lost","","v England","Auckland","23 Feb 1963","","home"
"354","New Zealand","88/4","40.4","2.16","1","4","won","","v India","Christchurch","22 Feb 1968","","home"
"355","New Zealand","79/4","30.0","2.63","-32","4","draw","","v West Indies","Dunedin","3 Dec 2013","","home"
"356","New Zealand","78/3","26.0x8","2.25","-244","4","draw","","v Pakistan","Wellington","2 Feb 1973","","home"
"357","New Zealand","74","62.2","1.18","74","1","lost","","v West Indies","Dunedin","3 Feb 1956","","home"
"358","New Zealand","73/4","36.0","2.02","-106","4","draw","","v West Indies","Auckland","29 Feb 1980","","home"
"359","New Zealand","70/1","15.0","4.66","1","4","won","","v West Indies","Hamilton","16 Dec 1999","","home"
"360","New Zealand","65","37.6x8","1.29","65","1","lost","","v England","Christchurch","25 Feb 1971","","home"
"361","New Zealand","61/2","32.0","1.90","90","3","draw","","v West Indies","Christchurch","3 Feb 1995","","home"
"362","New Zealand","54","32.2","1.67","-103","3","lost","","v Australia","Wellington","29 Mar 1946","","home"
"363","New Zealand","53/1","10.2","5.12","3","4","won","","v South Africa","Auckland","18 Mar 2004","","home"
"364","New Zealand","48/8","48.0","1.00","-148","4","draw","","v England","Christchurch","25 Feb 1966","","home"
"365","New Zealand","48/3","17.2","2.76","-278","3","draw","","v Australia","Wellington","18 Mar 2005","","home"
"366","New Zealand","46/3","13.0","3.53","-87","3","draw","","v England","Christchurch","17 Mar 1951","","home"
"367","New Zealand","44/2","10.0","4.40","69","3","draw","","v West Indies","Dunedin","11 Dec 2008","","home"
"368","New Zealand","43/3","24.0","1.79","-189","4","draw","","v England","Wellington","6 Feb 1992","","home"
"369","New Zealand","42","39.0","1.07","42","1","lost","","v Australia","Wellington","29 Mar 1946","","home"
"370","New Zealand","40/0","16.0x8","1.87","-205","4","draw","","v England","Auckland","5 Mar 1971","","home"
"371","New Zealand","39/1","16.0","2.43","-224","4","draw","","v South Africa","Hamilton","10 Mar 2004","","home"
"372","New Zealand","39/1","8.1","4.77","5","4","won","","v Bangladesh","Dunedin","4 Jan 2008","","home"
"373","New Zealand","37/0","8.1","4.53","2","4","won","","v West Indies","Wellington","17 Mar 2006","","home"
"374","New Zealand","36/0","9.3","3.78","1","4","won","","v India","Wellington","12 Dec 2002","","home"
"375","New Zealand","35/0","16.1","2.16","-302","3","draw","","v England","Christchurch","24 Mar 1933","","home"
"376","New Zealand","33/5","10.1","3.24","1","4","won","","v West Indies","Christchurch","12 Mar 1987","","home"
"377","New Zealand","31/2","19.3","1.58","-301","4","draw","","v South Africa","Auckland","13 Mar 1953","","home"
"378","New Zealand","26","27.0","0.96","-20","3","lost","","v England","Auckland","25 Mar 1955","","home"
"379","New Zealand","20/0","3.5","5.21","1","4","won","","v Zimbabwe","Wellington","19 Feb 1998","","home"
"380","New Zealand","17/1","17.0","1.00","-369","3","draw","","v West Indies","Auckland","15 Feb 1952","","home"
"381","New Zealand","16/0","8.3","1.88","-374","3","draw","","v England","Auckland","31 Mar 1933","","home"
"382","New Zealand","16/0","5.0","3.20","73","3","draw","","v England","Auckland","10 Feb 1984","","home"
"383","New Zealand","16/1","14.0","1.14","-228","4","draw","","v Australia","Christchurch","28 Feb 1986","","home"
"384","New Zealand","2/0","0.5","2.40","1","4","won","","v India","Christchurch","2 Feb 1990","","home"
"385","New Zealand","0/0","0.1","0.00","-337","4","draw","","v Sri Lanka","Dunedin","18 Mar 1995","","home"
"386","New Zealand","DNB","0.0","-","0","0","draw","","v West Indies","Napier","25 Mar 2006","","home"
"387","New Zealand","630/6d","198.3","3.17","630","1","draw","","v India","Mohali","16 Oct 2003","","away"
"388","New Zealand","624","153.5","4.05","65","2","draw","","v Australia","Perth","13 Nov 2015","","away"
"389","New Zealand","593/8d","165.0","3.59","593","1","draw","","v South Africa","Cape Town","27 Apr 2006","","away"
"390","New Zealand","582/4d","150.0","3.88","582","1","won","","v Zimbabwe","Bulawayo","6 Aug 2016","","away"
"391","New Zealand","576/6d","166.5","3.45","412","2","won","","v Zimbabwe","Bulawayo","28 Jul 2016","","away"
"392","New Zealand","553/7d","161.0","3.43","374","2","won","","v Australia","Brisbane","8 Nov 1985","","away"
"393","New Zealand","551/9d","204.5","2.68","298","2","draw","","v England","Lord's","21 Jun 1973","","away"
"394","New Zealand","545/6d","152.0","3.58","545","1","won","","v Bangladesh","Chittagong","26 Oct 2004","","away"
"395","New Zealand","543/3d","268.0","2.02","178","2","draw","","v West Indies","Georgetown","6 Apr 1972","","away"
"396","New Zealand","534/9d","162.5","3.27","534","1","draw","","v Australia","Perth","30 Nov 2001","","away"
"397","New Zealand","523","131.2","3.98","134","2","lost","","v England","Lord's","21 May 2015","","away"
"398","New Zealand","515/7d","174.5","2.94","515","1","draw","","v Sri Lanka","Colombo (PSS)","25 Apr 2003","","away"
"399","New Zealand","508/7d","174.3","2.91","508","1","won","","v West Indies","Kingston","8 Jun 2014","","away"
"400","New Zealand","505","165.3x8","2.29","505","1","draw","","v South Africa","Cape Town","1 Jan 1954","","away"
"401","New Zealand","496/9d","160.0","3.10","297","2","draw","","v England","Manchester","5 Aug 1999","","away"
"402","New Zealand","485/9d","174.5","2.77","485","1","draw","","v Australia","Adelaide","11 Dec 1987","","away"
"403","New Zealand","484","159.4","3.03","171","2","draw","","v England","Lord's","25 Jun 1949","","away"
"404","New Zealand","484","111.1","4.35","253","2","won","","v Zimbabwe","Bulawayo","15 Aug 2005","","away"
"405","New Zealand","482/6d","209.0","2.30","97","2","draw","","v Pakistan","Lahore","2 Apr 1965","","away"
"406","New Zealand","476","149.1","3.19","476","1","draw","","v England","Lord's","16 Jun 1994","","away"
"407","New Zealand","469/9d","157.4","2.97","239","3","draw","","v England","Lord's","27 Jun 1931","","away"
"408","New Zealand","469","157.1","2.98","469","1","draw","","v Bangladesh","Chattogram","9 Oct 2013","","away"
"409","New Zealand","468","103.5x8","3.38","-97","2","draw","","v Pakistan","Karachi","30 Oct 1976","","away"
"410","New Zealand","465","160.3","2.89","465","1","won","","v Zimbabwe","Harare","19 Sep 2000","","away"
"411","New Zealand","462/9d","160.0","2.88","462","1","draw","","v India","Kolkata","5 Mar 1965","","away"
"412","New Zealand","462/9d","157.4","2.93","128","2","draw","","v England","Lord's","21 Jun 1990","","away"
"413","New Zealand","459","175.0","2.62","203","2","won","","v Sri Lanka","Colombo (CCC)","24 Mar 1984","","away"
"414","New Zealand","459","165.4","2.77","-28","2","draw","","v India","Ahmedabad","4 Nov 2010","","away"
"415","New Zealand","454/8d","91.0","4.98","454","3","won","","v England","Leeds","29 May 2015","","away"
"416","New Zealand","452/9d","89.0","5.07","452","1","won","","v Zimbabwe","Harare","7 Aug 2005","","away"
"417","New Zealand","450/2d","176.0","2.55","450","1","draw","","v India","Delhi","16 Dec 1955","","away"
"418","New Zealand","448/8d","135.0","3.31","326","3","draw","","v India","Hyderabad (Deccan)","12 Nov 2010","","away"
"419","New Zealand","444/6d","123.0","3.60","464","3","won","","v Sri Lanka","Colombo (RPS)","27 May 1998","","away"
"420","New Zealand","440","188.1","2.33","-38","4","lost","","v England","Nottingham","7 Jun 1973","","away"
"421","New Zealand","440","151.5","2.89","-71","2","draw","","v West Indies","Georgetown","6 Apr 1985","","away"
"422","New Zealand","437","144.3","3.02","-111","2","draw","","v West Indies","St John's","27 Apr 1996","","away"
"423","New Zealand","437","140.0","3.12","155","2","draw","","v Bangladesh","Dhaka","21 Oct 2013","","away"
"424","New Zealand","426","157.4","2.70","98","2","draw","","v Pakistan","Karachi","10 Dec 1984","","away"
"425","New Zealand","426","143.3","2.96","426","1","won","","v Zimbabwe","Bulawayo","1 Nov 2011","","away"
"426","New Zealand","422","163.2","2.58","289","2","draw","","v West Indies","Bridgetown","23 Mar 1972","","away"
"427","New Zealand","419/9d","159.1","2.63","21","2","draw","","v Australia","Perth","12 Nov 1993","","away"
"428","New Zealand","413","175.4","2.35","94","3","lost","","v England","Birmingham","27 May 1965","","away"
"429","New Zealand","413","169.5","2.43","157","2","won","","v England","Nottingham","7 Aug 1986","","away"
"430","New Zealand","412","153.0","2.69","412","1","won","","v Sri Lanka","Colombo (PSS)","25 Nov 2012","","away"
"431","New Zealand","411","145.5","2.81","411","1","won","","v South Africa","Johannesburg","25 Nov 1994","","away"
"432","New Zealand","409","143.2","2.85","409","1","lost","","v England","Leeds","3 Jun 2004","","away"
"433","New Zealand","406/5","163.0","2.49","9","2","draw","","v Sri Lanka","Colombo (CCC)","16 Apr 1987","","away"
"434","New Zealand","403","161.4","2.49","-58","2","draw","","v Zimbabwe","Bulawayo","25 Sep 1997","","away"
"435","New Zealand","402","145.1","2.76","225","2","won","","v Bangladesh","Dhaka","19 Oct 2004","","away"
"436","New Zealand","397","123.5","3.20","-96","4","lost","","v Sri Lanka","Colombo (SSC)","26 Aug 2009","","away"
"437","New Zealand","386","187.5","2.05","-122","2","draw","","v West Indies","Kingston","16 Feb 1972","","away"
"438","New Zealand","386","102.4","3.75","386","1","lost","","v England","Lord's","20 May 2004","","away"
"439","New Zealand","385","157.5","2.43","385","1","won","","v South Africa","Cape Town","1 Jan 1962","","away"
"440","New Zealand","384","121.0","3.17","384","1","lost","","v England","Nottingham","10 Jun 2004","","away"
"441","New Zealand","381","90.3","4.20","381","1","lost","","v England","Manchester","23 May 2008","","away"
"442","New Zealand","377","139.3","2.70","152","2","won","","v England","Leeds","28 Jul 1983","","away"
"443","New Zealand","373","152.5","2.44","373","1","draw","","v West Indies","St George's","28 Jun 2002","","away"
"444","New Zealand","365","90.1","4.04","365","1","lost","","v India","Bengaluru","31 Aug 2012","","away"
"445","New Zealand","361","119.0","3.03","69","3","lost","","v Sri Lanka","Colombo (SSC)","6 Dec 1992","","away"
"446","New Zealand","360","92.4x8","2.91","100","3","lost","","v Pakistan","Lahore","9 Oct 1976","","away"
"447","New Zealand","358","119.1","3.00","172","2","won","","v England","Lord's","22 Jul 1999","","away"
"448","New Zealand","353","117.3","3.00","353","1","lost","","v Australia","Brisbane","18 Nov 2004","","away"
"449","New Zealand","351","129.1","2.71","351","1","lost","","v West Indies","North Sound","25 Jul 2012","","away"
"450","New Zealand","350","142.5","2.45","-174","2","draw","","v India","Kanpur","18 Nov 1976","","away"
"451","New Zealand","350","117.3","2.97","350","1","draw","","v India","Hyderabad (Deccan)","12 Nov 2010","","away"
"452","New Zealand","350","72.1","4.84","350","1","won","","v England","Leeds","29 May 2015","","away"
"453","New Zealand","349","132.2","2.63","-24","2","lost","","v Australia","Brisbane","7 Nov 1997","","away"
"454","New Zealand","348/7","110.0","3.16","201","3","draw","","v England","Manchester","23 Jul 1949","","away"
"455","New Zealand","348","160.5","2.16","348","1","lost","","v Pakistan","Lahore","26 Oct 1955","","away"
"456","New Zealand","348","175.5","1.97","348","1","draw","","v West Indies","Port of Spain","9 Mar 1972","","away"
"457","New Zealand","347","149.0","2.32","215","3","lost","","v England","Lord's","17 Jun 1965","","away"
"458","New Zealand","345","112.1","3.07","345","1","draw","","v England","The Oval","13 Aug 1949","","away"
"459","New Zealand","345","129.0","2.67","-165","4","lost","","v England","Nottingham","25 Aug 1983","","away"
"460","New Zealand","342","140.1","2.43","35","2","draw","","v England","Lord's","24 Jul 1986","","away"
"461","New Zealand","342","157.4","2.16","100","3","lost","","v South Africa","Bloemfontein","17 Nov 2000","","away"
"462","New Zealand","341","118.3","2.87","-31","2","draw","","v England","Leeds","11 Jun 1949","","away"
"463","New Zealand","340","131.1","2.59","-160","2","draw","","v India","Ahmedabad","8 Oct 2003","","away"
"464","New Zealand","339","143.1","2.36","339","1","lost","","v England","Lord's","24 Aug 1978","","away"
"465","New Zealand","338","153.5","2.19","-12","2","won","","v Zimbabwe","Bulawayo","12 Sep 2000","","away"
"466","New Zealand","337","125.4","2.68","337","1","won","","v West Indies","Bridgetown","21 Jun 2002","","away"
"467","New Zealand","336","145.5","2.30","204","2","draw","","v India","Kolkata","28 Dec 1955","","away"
"468","New Zealand","336","121.1","2.77","281","3","lost","","v England","Lord's","20 May 2004","","away"
"469","New Zealand","335","94.0","3.56","335","1","won","","v Zimbabwe","Harare","7 Nov 1992","","away"
"470","New Zealand","331","152.2","2.17","92","3","lost","","v West Indies","Port of Spain","16 Jun 2014","","away"
"471","New Zealand","331/7d","89.1","3.71","307","3","won","","v West Indies","Bridgetown","26 Jun 2014","","away"
"472","New Zealand","328","158.2","2.07","115","3","lost","","v Pakistan","Lahore","26 Oct 1955","","away"
"473","New Zealand","327","71.4","4.56","51","2","lost","","v South Africa","Centurion","15 Apr 2006","","away"
"474","New Zealand","326","209.4","1.55","-172","2","draw","","v India","Hyderabad (Deccan)","19 Nov 1955","","away"
"475","New Zealand","325/3d","96.1","3.37","325","1","draw","","v Zimbabwe","Bulawayo","1 Nov 1992","","away"
"476","New Zealand","322/7","162.0","1.98","32","3","draw","","v Australia","Perth","24 Nov 1989","","away"
"477","New Zealand","319","130.0","2.45","319","1","won","","v India","Nagpur","3 Oct 1969","","away"
"478","New Zealand","317","108.2","2.92","-4","2","draw","","v Australia","Melbourne","26 Dec 1980","","away"
"479","New Zealand","317","110.3","2.86","317","1","draw","","v Australia","Melbourne","26 Dec 1987","","away"
"480","New Zealand","317/7","137.5","2.29","1","4","won","","v Bangladesh","Chattogram","17 Oct 2008","","away"
"481","New Zealand","317","82.2","3.85","-239","2","lost","","v Australia","Brisbane","5 Nov 2015","","away"
"482","New Zealand","315","179.0","1.75","-82","2","draw","","v India","Chennai","27 Feb 1965","","away"
"483","New Zealand","312","86.6x8","2.69","312","1","draw","","v Australia","Sydney","5 Jan 1974","","away"
"484","New Zealand","311","85.2","3.64","275","3","won","","v Pakistan","Lahore","21 Nov 1996","","away"
"485","New Zealand","308/9d","97.0","3.17","171","3","draw","","v England","The Oval","13 Aug 1949","","away"
"486","New Zealand","308/7","106.2","2.89","77","3","draw","","v England","Manchester","30 Jun 1994","","away"
"487","New Zealand","308","141.4","2.17","-275","2","draw","","v India","Ahmedabad","29 Oct 1999","","away"
"488","New Zealand","305/9d","75.2x8","3.03","455","3","draw","","v Australia","Sydney","5 Jan 1974","","away"
"489","New Zealand","305","82.0","3.71","28","3","lost","","v West Indies","Bridgetown","19 Apr 1996","","away"
"490","New Zealand","305","105.2","2.89","305","1","won","","v Sri Lanka","Colombo (RPS)","27 May 1998","","away"
"491","New Zealand","305","111.5","2.72","305","1","draw","","v Sri Lanka","Kandy","3 May 2003","","away"
"492","New Zealand","304/8","128.0","2.37","-98","4","draw","","v Zimbabwe","Harare","18 Sep 1997","","away"
"493","New Zealand","299","157.0","1.90","96","2","won","","v Australia","Perth","30 Nov 1985","","away"
"494","New Zealand","299","116.0","2.57","-153","2","lost","","v Sri Lanka","Galle","18 Aug 2009","","away"
"495","New Zealand","299","90.2","3.30","-258","2","lost","","v India","Indore","8 Oct 2016","","away"
"496","New Zealand","298","153.3","1.94","-101","2","lost","","v India","Mumbai","10 Nov 1976","","away"
"497","New Zealand","298","126.3","2.35","298","1","lost","","v South Africa","Port Elizabeth","30 Nov 2000","","away"
"498","New Zealand","297","129.2","2.29","297","1","draw","","v India","Mumbai (BS)","12 Mar 1965","","away"
"499","New Zealand","295","111.2","2.64","-129","2","draw","","v England","Lord's","26 Jun 1937","","away"
"500","New Zealand","295","82.5","3.56","295","1","lost","","v Australia","Brisbane","1 Dec 2011","","away"
"501","New Zealand","295","88.3","3.33","-208","4","lost","","v Australia","Brisbane","5 Nov 2015","","away"
"502","New Zealand","294","127.5","2.29","294","1","draw","","v England","Nottingham","7 Aug 1969","","away"
"503","New Zealand","293","128.2","2.28","293","1","draw","","v England","Manchester","23 Jul 1949","","away"
"504","New Zealand","293","124.3","2.35","293","1","lost","","v Australia","Sydney","22 Nov 1985","","away"
"505","New Zealand","293","78.2","3.74","293","1","won","","v West Indies","Bridgetown","26 Jun 2014","","away"
"506","New Zealand","288/3d","140.0","2.05","295","3","draw","","v West Indies","Port of Spain","9 Mar 1972","","away"
"507","New Zealand","288","133.5","2.15","288","1","draw","","v Sri Lanka","Moratuwa","27 Nov 1992","","away"
"508","New Zealand","288","114.5","2.50","288","1","lost","","v South Africa","Cape Town","2 Jan 1995","","away"
"509","New Zealand","287","128.2","2.23","287","1","draw","","v England","The Oval","21 Aug 1986","","away"
"510","New Zealand","287","115.5","2.47","74","3","lost","","v Pakistan","Lahore","18 Oct 1990","","away"
"511","New Zealand","287/8d","88.4","3.23","-199","2","draw","","v Australia","Brisbane","8 Nov 2001","","away"
"512","New Zealand","287/7d","90.0","3.18","255","3","draw","","v Bangladesh","Chattogram","9 Oct 2013","","away"
"513","New Zealand","286","92.3","3.09","246","3","draw","","v Australia","Melbourne","26 Dec 1987","","away"
"514","New Zealand","285","103.0","2.76","285","1","lost","","v Pakistan","Karachi","9 Apr 1965","","away"
"515","New Zealand","283","102.4","2.75","58","3","lost","","v West Indies","Kingston","4 May 1985","","away"
"516","New Zealand","283","78.5","3.58","216","3","lost","","v South Africa","Johannesburg","5 May 2006","","away"
"517","New Zealand","281","107.4","2.60","-77","2","lost","","v England","Manchester","24 Jul 1937","","away"
"518","New Zealand","279","115.0","2.42","281","3","won","","v India","Mumbai","24 Nov 1988","","away"
"519","New Zealand","278","103.0","2.69","-96","3","lost","","v Australia","Brisbane","3 Dec 1993","","away"
"520","New Zealand","277","86.2","3.20","277","1","draw","","v England","Lord's","15 May 2008","","away"
"521","New Zealand","276","98.4","2.79","276","1","lost","","v England","Leeds","5 Jul 1973","","away"
"522","New Zealand","276","100.1","2.75","276","1","won","","v Sri Lanka","Kandy","9 Mar 1984","","away"
"523","New Zealand","275","111.2","2.47","275","1","won","","v South Africa","Port Elizabeth","16 Feb 1962","","away"
"524","New Zealand","275/8","68.0","4.04","-10","4","draw","","v Zimbabwe","Bulawayo","25 Sep 1997","","away"
"525","New Zealand","275","102.1","2.69","-27","3","lost","","v South Africa","Cape Town","2 Jan 2013","","away"
"526","New Zealand","274","85.1","3.21","54","2","draw","","v Pakistan","Karachi","24 Oct 1969","","away"
"527","New Zealand","274/6","57.0","4.80","-9","4","draw","","v Australia","Brisbane","8 Nov 2001","","away"
"528","New Zealand","273","166.3","1.63","273","1","draw","","v Pakistan","Dhaka","8 Nov 1969","","away"
"529","New Zealand","272","149.2","1.82","69","3","lost","","v India","Delhi","19 Mar 1965","","away"
"530","New Zealand","272/6","107.0","2.54","-97","4","draw","","v India","Ahmedabad","8 Oct 2003","","away"
"531","New Zealand","272","105.2","2.58","101","3","lost","","v West Indies","North Sound","25 Jul 2012","","away"
"532","New Zealand","270","110.1","2.45","-189","4","lost","","v England","The Oval","14 Jul 1983","","away"
"533","New Zealand","270","98.3","2.74","270","1","lost","","v Australia","Adelaide","28 Nov 2008","","away"
"534","New Zealand","269/6","86.2","3.11","227","3","draw","","v England","Lord's","15 May 2008","","away"
"535","New Zealand","267","128.5","2.07","267","1","lost","","v England","Manchester","24 Jul 1958","","away"
"536","New Zealand","267","108.3","2.46","267","1","lost","","v Pakistan","Hyderabad (Sind)","25 Nov 1984","","away"
"537","New Zealand","262","125.1","2.09","262","1","lost","","v India","Delhi","19 Mar 1965","","away"
"538","New Zealand","262/7","79.6x8","2.46","-125","4","draw","","v Pakistan","Karachi","30 Oct 1976","","away"
"539","New Zealand","262","100.3","2.60","-45","2","draw","","v West Indies","Port of Spain","29 Mar 1985","","away"
"540","New Zealand","262/5d","82.4","3.16","314","3","won","","v Zimbabwe","Harare","7 Nov 1992","","away"
"541","New Zealand","262/6d","75.0","3.49","262","1","draw","","v Bangladesh","Dhaka","25 Oct 2008","","away"
"542","New Zealand","262","95.5","2.73","-56","2","lost","","v India","Kanpur","22 Sep 2016","","away"
"543","New Zealand","260","82.5","3.13","260","1","lost","","v West Indies","Kingston","2 Aug 2012","","away"
"544","New Zealand","258","134.1","1.92","-163","2","lost","","v India","Mumbai (BS)","2 Dec 1955","","away"
"545","New Zealand","256","102.5","2.48","256","1","lost","","v India","Kanpur","22 Oct 1999","","away"
"546","New Zealand","256/9d","71.0","3.60","439","3","draw","","v Australia","Perth","30 Nov 2001","","away"
"547","New Zealand","256/5","131.0","1.95","159","3","draw","","v West Indies","St George's","28 Jun 2002","","away"
"548","New Zealand","254","80.4x8","2.36","0","3","lost","","v Pakistan","Hyderabad (Sind)","23 Oct 1976","","away"
"549","New Zealand","254","95.0","2.67","254","1","lost","","v India","Hyderabad (Deccan)","2 Dec 1988","","away"
"550","New Zealand","253/7","155.0","1.63","-147","4","draw","","v West Indies","Port of Spain","20 Apr 1972","","away"
"551","New Zealand","252/2","95.0","2.65","-171","4","draw","","v India","Ahmedabad","29 Oct 1999","","away"
"552","New Zealand","252/8d","71.0","3.54","365","3","won","","v Zimbabwe","Bulawayo","1 Nov 2011","","away"
"553","New Zealand","251","93.4","2.67","251","1","lost","","v England","Nottingham","2 Jun 1994","","away"
"554","New Zealand","251/6d","90.0","2.78","-149","2","draw","","v Australia","Hobart","27 Nov 1997","","away"
"555","New Zealand","251/7","135.0","1.85","-122","4","draw","","v India","Mohali","10 Oct 1999","","away"
"556","New Zealand","251","88.1","2.84","-324","2","lost","","v Australia","Adelaide","26 Nov 2004","","away"
"557","New Zealand","250","82.3","3.03","-213","4","lost","","v Australia","Adelaide","26 Nov 2004","","away"
"558","New Zealand","249","83.1","2.99","249","1","draw","","v England","The Oval","14 Aug 1937","","away"
"559","New Zealand","249","88.2","2.81","-51","3","lost","","v South Africa","Johannesburg","2 Feb 1962","","away"
"560","New Zealand","249","98.3","2.52","-186","2","lost","","v England","Birmingham","5 Jul 1990","","away"
"561","New Zealand","249","74.0","3.36","249","1","lost","","v Pakistan","Rawalpindi","28 Nov 1996","","away"
"562","New Zealand","248","80.3","3.08","6","3","lost","","v West Indies","Bridgetown","26 Apr 1985","","away"
"563","New Zealand","248","73.2","3.38","260","3","lost","","v India","Bengaluru","31 Aug 2012","","away"
"564","New Zealand","246","76.3","3.21","-324","3","lost","","v Pakistan","Lahore","1 May 2002","","away"
"565","New Zealand","245","99.3","2.46","-47","2","lost","","v South Africa","Durban","8 Dec 1961","","away"
"566","New Zealand","243/7","105.2","2.30","-315","2","draw","","v Australia","Hobart","22 Nov 2001","","away"
"567","New Zealand","243","90.4","2.68","473","3","won","","v West Indies","Bridgetown","21 Jun 2002","","away"
"568","New Zealand","241","115.0","2.09","127","2","won","","v Pakistan","Lahore","30 Oct 1969","","away"
"569","New Zealand","241","83.0","2.90","177","3","lost","","v Pakistan","Lahore","16 Nov 1984","","away"
"570","New Zealand","239","111.1","2.14","87","3","lost","","v South Africa","Cape Town","2 Jan 1995","","away"
"571","New Zealand","237","79.7x8","2.22","-225","2","lost","","v Australia","Melbourne","29 Dec 1973","","away"
"572","New Zealand","236/6","108.0","2.18","-104","4","draw","","v West Indies","Kingston","16 Feb 1972","","away"
"573","New Zealand","236","93.3","2.52","236","1","won","","v India","Mumbai","24 Nov 1988","","away"
"574","New Zealand","236","102.1","2.30","236","1","won","","v England","The Oval","19 Aug 1999","","away"
"575","New Zealand","236","87.3","2.69","-197","4","lost","","v India","Kanpur","22 Sep 2016","","away"
"576","New Zealand","234","104.2","2.24","234","1","lost","","v England","The Oval","27 Jul 1978","","away"
"577","New Zealand","234","77.4","3.01","-182","2","lost","","v Sri Lanka","Colombo (SSC)","26 Aug 2009","","away"
"578","New Zealand","233","105.3","2.20","233","1","lost","","v Australia","Brisbane","3 Dec 1993","","away"
"579","New Zealand","233","73.2","3.17","150","3","lost","","v India","Bengaluru","18 Oct 1995","","away"
"580","New Zealand","232","72.3","3.20","-9","3","lost","","v England","Nottingham","5 Jun 2008","","away"
"581","New Zealand","231","92.4","2.49","-290","2","draw","","v Australia","Perth","24 Nov 1989","","away"
"582","New Zealand","230","105.6x8","1.63","-207","2","lost","","v South Africa","Durban","11 Dec 1953","","away"
"583","New Zealand","230","91.4","2.50","-114","4","lost","","v England","Birmingham","5 Jul 1990","","away"
"584","New Zealand","229","116.3","1.96","137","3","lost","","v England","The Oval","21 Aug 1969","","away"
"585","New Zealand","229","117.3","1.94","73","2","lost","","v India","Mumbai (BS)","25 Sep 1969","","away"
"586","New Zealand","229","89.0","2.57","-242","2","lost","","v South Africa","Bloemfontein","17 Nov 2000","","away"
"587","New Zealand","228","83.1","2.74","313","3","won","","v South Africa","Port Elizabeth","16 Feb 1962","","away"
"588","New Zealand","226","92.3x8","1.83","226","1","lost","","v South Africa","Port Elizabeth","5 Feb 1954","","away"
"589","New Zealand","226","106.3","2.12","-90","3","lost","","v England","Nottingham","2 Jun 1994","","away"
"590","New Zealand","226","88.4","2.54","226","1","lost","","v England","Birmingham","1 Jul 1999","","away"
"591","New Zealand","226","78.3","2.87","240","3","won","","v Australia","Hobart","9 Dec 2011","","away"
"592","New Zealand","225","70.1","3.20","225","1","lost","","v Australia","Brisbane","28 Nov 1980","","away"
"593","New Zealand","224","74.3","3.00","224","1","draw","","v England","Lord's","27 Jun 1931","","away"
"594","New Zealand","223","92.3","2.41","-99","2","draw","","v South Africa","Johannesburg","26 Dec 1961","","away"
"595","New Zealand","223","99.4","2.23","201","3","lost","","v Pakistan","Karachi","9 Apr 1965","","away"
"596","New Zealand","223/9","61.0","3.65","-64","4","draw","","v Australia","Hobart","27 Nov 1997","","away"
"597","New Zealand","222","87.6x8","1.89","211","3","lost","","v South Africa","Port Elizabeth","5 Feb 1954","","away"
"598","New Zealand","222/5d","48.0","4.62","328","3","draw","","v Zimbabwe","Bulawayo","1 Nov 1992","","away"
"599","New Zealand","221","82.5","2.66","221","1","lost","","v Sri Lanka","Galle","17 Nov 2012","","away"
"600","New Zealand","221","74.4","2.95","221","1","lost","","v West Indies","Port of Spain","16 Jun 2014","","away"
"601","New Zealand","220","76.3","2.87","-247","4","lost","","v England","Leeds","24 May 2013","","away"
"602","New Zealand","220","67.3","3.25","-124","4","lost","","v England","Lord's","21 May 2015","","away"
"603","New Zealand","219","130.3","1.67","-109","3","lost","","v India","Chennai","6 Jan 1956","","away"
"604","New Zealand","219","73.7x8","2.22","-254","2","lost","","v Pakistan","Hyderabad (Sind)","23 Oct 1976","","away"
"605","New Zealand","219","69.2","3.15","-127","4","lost","","v England","Lord's","11 Aug 1983","","away"
"606","New Zealand","218","87.3x8","1.87","-259","2","lost","","v Australia","Adelaide","26 Jan 1974","","away"
"607","New Zealand","218","81.0","2.69","283","3","lost","","v England","Nottingham","10 Jun 2004","","away"
"608","New Zealand","217","76.2","2.84","115","2","lost","","v Pakistan","Faisalabad","26 Oct 1990","","away"
"609","New Zealand","217","74.4","2.90","217","1","lost","","v Australia","Perth","20 Nov 1997","","away"
"610","New Zealand","215","91.1","2.35","132","2","draw","","v India","Mohali","10 Oct 1999","","away"
"611","New Zealand","214","105.1","2.03","276","3","won","","v India","Nagpur","3 Oct 1969","","away"
"612","New Zealand","214","58.3","3.65","-267","2","lost","","v South Africa","Centurion","27 Aug 2016","","away"
"613","New Zealand","212/2","92.0","2.30","40","3","draw","","v India","Hyderabad (Deccan)","19 Nov 1955","","away"
"614","New Zealand","212/9d","88.1","2.40","407","3","won","","v South Africa","Cape Town","1 Jan 1962","","away"
"615","New Zealand","212","79.0","2.68","93","3","lost","","v Australia","Brisbane","4 Dec 1987","","away"
"616","New Zealand","211/5d","68.0","3.10","406","3","draw","","v England","Lord's","16 Jun 1994","","away"
"617","New Zealand","211","86.4","2.43","-193","3","lost","","v South Africa","Port Elizabeth","11 Jan 2013","","away"
"618","New Zealand","210","71.5","2.92","-202","4","lost","","v Sri Lanka","Galle","18 Aug 2009","","away"
"619","New Zealand","209","132.0","1.58","-328","2","lost","","v India","Chennai","6 Jan 1956","","away"
"620","New Zealand","208","89.0","2.33","208","1","draw","","v England","Nottingham","7 Jun 1990","","away"
"621","New Zealand","208","62.5","3.31","186","3","lost","","v Australia","Adelaide","27 Nov 2015","","away"
"622","New Zealand","207","82.0","2.52","-213","2","lost","","v England","Nottingham","25 Aug 1983","","away"
"623","New Zealand","207","84.0","2.46","-91","2","draw","","v Zimbabwe","Harare","18 Sep 1997","","away"
"624","New Zealand","207","69.0","3.00","-25","2","lost","","v England","Lord's","16 May 2013","","away"
"625","New Zealand","204","53.0","3.84","-112","2","lost","","v India","Kolkata","30 Sep 2016","","away"
"626","New Zealand","203","74.1","2.73","-62","3","lost","","v Australia","Adelaide","28 Nov 2008","","away"
"627","New Zealand","202","89.5x8","1.69","-57","3","lost","","v Australia","Adelaide","26 Jan 1974","","away"
"628","New Zealand","202","65.2","3.09","202","1","lost","","v Australia","Adelaide","27 Nov 2015","","away"
"629","New Zealand","201/8d","54.5","3.66","262","3","won","","v Sri Lanka","Kandy","9 Mar 1984","","away"
"630","New Zealand","200","101.4","1.96","183","3","draw","","v Pakistan","Dhaka","8 Nov 1969","","away"
"631","New Zealand","200","81.6x8","1.83","-25","3","lost","","v Australia","Melbourne","29 Dec 1973","","away"
"632","New Zealand","200","93.5","2.13","200","1","draw","","v South Africa","Johannesburg","8 Dec 2000","","away"
"633","New Zealand","198","64.3","3.06","24","2","draw","","v Sri Lanka","Colombo (SSC)","16 Mar 1984","","away"
"634","New Zealand","197","84.3","2.33","-26","3","lost","","v England","The Oval","29 Jul 1931","","away"
"635","New Zealand","197","81.1","2.42","-178","4","lost","","v India","Kolkata","30 Sep 2016","","away"
"636","New Zealand","196","73.5","2.65","196","1","lost","","v Australia","Perth","12 Dec 1980","","away"
"637","New Zealand","196","57.0","3.43","-13","2","lost","","v England","The Oval","14 Jul 1983","","away"
"638","New Zealand","196","84.5","2.31","196","1","lost","","v Pakistan","Karachi","10 Oct 1990","","away"
"639","New Zealand","195/2","49.0","3.97","-103","4","draw","","v England","Leeds","11 Jun 1949","","away"
"640","New Zealand","195/5","103.0","1.89","156","3","draw","","v Sri Lanka","Moratuwa","27 Nov 1992","","away"
"641","New Zealand","195","62.0","3.14","195","1","lost","","v West Indies","Bridgetown","19 Apr 1996","","away"
"642","New Zealand","195","58.2","3.34","-204","4","lost","","v South Africa","Centurion","27 Aug 2016","","away"
"643","New Zealand","194","62.4","3.09","-43","3","lost","","v Pakistan","Karachi","10 Oct 1990","","away"
"644","New Zealand","194","75.0","2.58","326","3","won","","v South Africa","Johannesburg","25 Nov 1994","","away"
"645","New Zealand","194/9d","54.0","3.59","362","3","won","","v Sri Lanka","Colombo (PSS)","25 Nov 2012","","away"
"646","New Zealand","193","95.1","2.02","-223","2","lost","","v England","The Oval","29 Jul 1931","","away"
"647","New Zealand","193","88.1","2.18","-353","2","lost","","v England","Leeds","8 Jul 1965","","away"
"648","New Zealand","193/7","117.0","1.64","-189","4","draw","","v India","Kanpur","18 Nov 1976","","away"
"649","New Zealand","193","102.5","1.87","259","3","lost","","v Australia","Sydney","22 Nov 1985","","away"
"650","New Zealand","193","101.1","1.90","193","1","lost","","v Sri Lanka","Galle","3 Jun 1998","","away"
"651","New Zealand","193","86.3","2.23","-13","2","lost","","v Sri Lanka","Colombo (SSC)","10 Jun 1998","","away"
"652","New Zealand","193","66.3","2.90","193","1","lost","","v India","Nagpur","20 Nov 2010","","away"
"653","New Zealand","192","100.2","1.91","151","3","lost","","v South Africa","Durban","26 Dec 1994","","away"
"654","New Zealand","191/9d","91.1","2.09","273","3","draw","","v India","Kolkata","5 Mar 1965","","away"
"655","New Zealand","191","84.4","2.25","-135","2","lost","","v England","Lord's","11 Aug 1983","","away"
"656","New Zealand","190","92.1","2.06","-119","3","lost","","v England","Nottingham","10 Aug 1978","","away"
"657","New Zealand","189","56.1","3.36","226","3","lost","","v Pakistan","Hyderabad (Sind)","25 Nov 1984","","away"
"658","New Zealand","189","122.3","1.54","-195","2","lost","","v India","Bengaluru","12 Nov 1988","","away"
"659","New Zealand","188","92.2x8","1.52","24","3","lost","","v South Africa","Johannesburg","29 Jan 1954","","away"
"660","New Zealand","188","56.4","3.31","188","1","lost","","v South Africa","Centurion","16 Nov 2007","","away"
"661","New Zealand","187","68.4","2.72","182","3","draw","","v England","The Oval","14 Aug 1937","","away"
"662","New Zealand","187","53.2x8","2.63","-84","2","lost","","v South Africa","Johannesburg","24 Dec 1953","","away"
"663","New Zealand","187/6","81.0","2.30","-119","4","draw","","v West Indies","Port of Spain","29 Mar 1985","","away"
"664","New Zealand","186","93.2","1.99","186","1","lost","","v Australia","Brisbane","4 Dec 1987","","away"
"665","New Zealand","185","82.0","2.25","185","1","lost","","v South Africa","Durban","26 Dec 1994","","away"
"666","New Zealand","183","97.3","1.87","190","3","draw","","v Sri Lanka","Kandy","3 May 2003","","away"
"667","New Zealand","182","105.1","1.73","137","3","lost","","v England","The Oval","27 Jul 1978","","away"
"668","New Zealand","182/7","85.0","2.14","171","3","draw","","v Australia","Adelaide","11 Dec 1987","","away"
"669","New Zealand","181","99.1","1.82","181","1","draw","","v India","Hyderabad (Deccan)","15 Oct 1969","","away"
"670","New Zealand","177","58.5","3.00","-65","4","lost","","v Pakistan","Faisalabad","26 Oct 1990","","away"
"671","New Zealand","177","54.3","3.24","-149","4","lost","","v Australia","Brisbane","20 Nov 2008","","away"
"672","New Zealand","175/8","76.5","2.27","-180","4","draw","","v England","Lord's","26 Jun 1937","","away"
"673","New Zealand","175","56.5","3.07","175","1","lost","","v Pakistan","Rawalpindi","27 Mar 1965","","away"
"674","New Zealand","175","74.5","2.33","175","1","lost","","v England","Lord's","17 Jun 1965","","away"
"675","New Zealand","175/8d","82.0","2.13","267","3","draw","","v India","Hyderabad (Deccan)","15 Oct 1969","","away"
"676","New Zealand","175/8","88.0","1.98","-121","2","draw","","v India","Cuttack","8 Nov 1995","","away"
"677","New Zealand","175","51.2","3.40","-198","3","lost","","v India","Nagpur","20 Nov 2010","","away"
"678","New Zealand","174","64.2","2.70","-70","3","lost","","v Australia","Perth","20 Nov 1997","","away"
"679","New Zealand","174","43.4","3.98","-180","2","lost","","v England","Leeds","24 May 2013","","away"
"680","New Zealand","172","51.0","3.37","-358","4","lost","","v South Africa","Johannesburg","8 Nov 2007","","away"
"681","New Zealand","171","64.5","2.63","-74","2","won","","v Bangladesh","Chattogram","17 Oct 2008","","away"
"682","New Zealand","169","87.3","1.93","-21","2","lost","","v England","Lord's","24 Jul 1969","","away"
"683","New Zealand","168","58.0","2.89","-13","3","lost","","v Pakistan","Rawalpindi","28 Nov 1996","","away"
"684","New Zealand","166","79.3","2.08","-30","4","lost","","v South Africa","Durban","8 Dec 1961","","away"
"685","New Zealand","166","84.0","1.97","-187","3","lost","","v England","Leeds","8 Jul 1965","","away"
"686","New Zealand","166/4","62.0","2.67","-136","4","draw","","v Australia","Perth","12 Nov 1993","","away"
"687","New Zealand","166/2d","36.0","4.61","386","3","won","","v Zimbabwe","Bulawayo","6 Aug 2016","","away"
"688","New Zealand","165/4","68.0","2.42","-112","4","draw","","v South Africa","Johannesburg","26 Dec 1961","","away"
"689","New Zealand","164","133.2","1.23","164","1","lost","","v Pakistan","Karachi","13 Oct 1955","","away"
"690","New Zealand","164","53.1","3.08","164","1","lost","","v South Africa","Johannesburg","2 Feb 1962","","away"
"691","New Zealand","164/4","74.0","2.21","1","4","won","","v Australia","Perth","30 Nov 1985","","away"
"692","New Zealand","164","78.4","2.08","-172","4","lost","","v India","Bengaluru","12 Nov 1988","","away"
"693","New Zealand","164","79.5","2.05","-115","3","lost","","v India","Hyderabad (Deccan)","23 Aug 2012","","away"
"694","New Zealand","162","75.4","2.14","-206","2","draw","","v West Indies","Port of Spain","20 Apr 1972","","away"
"695","New Zealand","162","54.0","3.00","245","3","won","","v England","The Oval","19 Aug 1999","","away"
"696","New Zealand","161","75.0","2.14","161","1","draw","","v England","The Oval","21 Aug 1958","","away"
"697","New Zealand","161","82.3","1.95","-383","2","lost","","v Australia","Hobart","26 Nov 1993","","away"
"698","New Zealand","161","77.5","2.06","-222","3","lost","","v Australia","Hobart","26 Nov 1993","","away"
"699","New Zealand","161/5d","78.0","2.06","193","3","draw","","v Sri Lanka","Colombo (PSS)","25 Apr 2003","","away"
"700","New Zealand","161","42.0","3.83","44","3","lost","","v England","Leeds","3 Jun 2004","","away"
"701","New Zealand","160","59.0","2.71","160","1","lost","","v Pakistan","Lahore","18 Oct 1990","","away"
"702","New Zealand","159","61.3","2.58","-279","2","lost","","v India","Hyderabad (Deccan)","23 Aug 2012","","away"
"703","New Zealand","157","49.4x8","2.37","-260","2","lost","","v Pakistan","Lahore","9 Oct 1976","","away"
"704","New Zealand","157","74.4","2.10","157","1","lost","","v Pakistan","Lahore","16 Nov 1984","","away"
"705","New Zealand","156","50.0","3.12","-58","2","lost","","v Australia","Brisbane","20 Nov 2008","","away"
"706","New Zealand","156/8d","60.5","2.56","402","3","won","","v West Indies","Kingston","8 Jun 2014","","away"
"707","New Zealand","155","57.1","2.71","155","1","won","","v Pakistan","Lahore","21 Nov 1996","","away"
"708","New Zealand","155","66.5","2.31","81","3","lost","","v India","Kanpur","22 Oct 1999","","away"
"709","New Zealand","154","65.2","2.35","205","3","lost","","v West Indies","Kingston","2 Aug 2012","","away"
"710","New Zealand","153","44.5","3.41","-321","4","lost","","v India","Indore","8 Oct 2016","","away"
"711","New Zealand","151","57.3","2.62","-231","2","draw","","v England","Manchester","30 Jun 1994","","away"
"712","New Zealand","150","82.3","1.81","150","1","lost","","v England","The Oval","21 Aug 1969","","away"
"713","New Zealand","150","49.4","3.02","18","3","lost","","v Australia","Brisbane","1 Dec 2011","","away"
"714","New Zealand","150","45.5","3.27","150","1","won","","v Australia","Hobart","9 Dec 2011","","away"
"715","New Zealand","149","82.1x8","1.36","-58","3","lost","","v South Africa","Durban","11 Dec 1953","","away"
"716","New Zealand","148","69.3","2.12","85","3","lost","","v South Africa","Port Elizabeth","30 Nov 2000","","away"
"717","New Zealand","145","65.0","2.23","145","1","lost","","v India","Bengaluru","18 Oct 1995","","away"
"718","New Zealand","143","67.0","2.13","-216","4","lost","","v India","Chennai","26 Nov 1976","","away"
"719","New Zealand","142","70.3","2.01","-1","3","lost","","v England","Leeds","5 Jul 1973","","away"
"720","New Zealand","142","41.1","3.44","62","3","lost","","v Australia","Brisbane","28 Nov 1980","","away"
"721","New Zealand","141","80.2","1.75","-162","4","lost","","v India","Mumbai","10 Nov 1976","","away"
"722","New Zealand","140","55.4","2.51","-158","2","lost","","v India","Chennai","26 Nov 1976","","away"
"723","New Zealand","138","55.5","2.47","-225","2","lost","","v West Indies","Kingston","4 May 1985","","away"
"724","New Zealand","137","77.3","1.76","-205","4","lost","","v England","Birmingham","5 Jun 1958","","away"
"725","New Zealand","136","77.4","1.75","-27","3","lost","","v India","Mumbai (BS)","2 Dec 1955","","away"
"726","New Zealand","136","34.3","3.94","-59","3","lost","","v South Africa","Centurion","16 Nov 2007","","away"
"727","New Zealand","134","53.4","2.49","-130","4","lost","","v England","Manchester","24 Jul 1937","","away"
"728","New Zealand","132","62.0","2.12","-186","4","lost","","v Australia","Brisbane","7 Nov 1997","","away"
"729","New Zealand","132/3","45.4","2.89","1","4","won","","v Zimbabwe","Bulawayo","12 Sep 2000","","away"
"730","New Zealand","131","75.5","1.72","-230","4","lost","","v England","Lord's","24 Jul 1969","","away"
"731","New Zealand","131","54.3","2.40","-164","4","lost","","v Sri Lanka","Colombo (SSC)","10 Jun 1998","","away"
"732","New Zealand","130/5","65.0","2.00","-165","4","draw","","v West Indies","St John's","27 Apr 1996","","away"
"733","New Zealand","129","101.2","1.27","-71","3","lost","","v England","Leeds","3 Jul 1958","","away"
"734","New Zealand","128/6","54.0","2.37","-64","4","draw","","v Australia","Melbourne","26 Dec 1980","","away"
"735","New Zealand","127","69.5","1.81","-60","4","lost","","v India","Mumbai (BS)","25 Sep 1969","","away"
"736","New Zealand","124","108.3","1.14","-1","3","lost","","v Pakistan","Karachi","13 Oct 1955","","away"
"737","New Zealand","124","65.3","1.89","20","3","lost","","v India","Hyderabad (Deccan)","2 Dec 1988","","away"
"738","New Zealand","123/4","86.0","1.43","-142","4","draw","","v Sri Lanka","Colombo (SSC)","16 Mar 1984","","away"
"739","New Zealand","123","46.3","2.64","-241","2","lost","","v England","Nottingham","5 Jun 2008","","away"
"740","New Zealand","121","48.1","2.51","52","3","lost","","v Australia","Perth","12 Dec 1980","","away"
"741","New Zealand","121/3","37.0","3.27","202","3","draw","","v South Africa","Cape Town","27 Apr 2006","","away"
"742","New Zealand","121","44.4","2.70","-404","2","lost","","v South Africa","Port Elizabeth","11 Jan 2013","","away"
"743","New Zealand","120","69.4","1.72","-309","2","lost","","v England","Nottingham","10 Aug 1978","","away"
"744","New Zealand","120","36.0","3.33","-128","4","lost","","v South Africa","Centurion","15 Apr 2006","","away"
"745","New Zealand","119","44.0","2.70","119","1","lost","","v South Africa","Johannesburg","5 May 2006","","away"
"746","New Zealand","118","41.3","2.84","-108","2","lost","","v South Africa","Johannesburg","8 Nov 2007","","away"
"747","New Zealand","118","44.1","2.67","92","3","lost","","v Sri Lanka","Galle","17 Nov 2012","","away"
"748","New Zealand","116","63.0","1.84","-319","2","lost","","v England","Birmingham","27 May 1965","","away"
"749","New Zealand","114","55.0","2.07","-16","3","lost","","v Sri Lanka","Galle","3 Jun 1998","","away"
"750","New Zealand","114","41.2","2.75","293","3","lost","","v England","Manchester","23 May 2008","","away"
"751","New Zealand","112/1","58.0","1.93","31","3","draw","","v India","Delhi","16 Dec 1955","","away"
"752","New Zealand","112/5","63.0","1.77","-117","4","draw","","v Pakistan","Karachi","24 Oct 1969","","away"
"753","New Zealand","107","37.1","2.87","207","3","lost","","v England","Birmingham","1 Jul 1999","","away"
"754","New Zealand","104/2","28.0","3.71","-216","4","draw","","v Australia","Perth","13 Nov 2015","","away"
"755","New Zealand","103/5","27.1","3.79","3","4","won","","v England","Leeds","28 Jul 1983","","away"
"756","New Zealand","102","52.1","1.95","-292","2","lost","","v Sri Lanka","Colombo (SSC)","6 Dec 1992","","away"
"757","New Zealand","100","47.5x8","1.57","-132","4","lost","","v South Africa","Johannesburg","24 Dec 1953","","away"
"758","New Zealand","97","41.4","2.32","-153","2","lost","","v England","Nottingham","7 Jun 1973","","away"
"759","New Zealand","94","69.3","1.35","-127","2","lost","","v England","Birmingham","5 Jun 1958","","away"
"760","New Zealand","94","47.4","1.97","94","1","lost","","v West Indies","Bridgetown","26 Apr 1985","","away"
"761","New Zealand","91/3","55.0","1.65","33","3","draw","","v England","The Oval","21 Aug 1958","","away"
"762","New Zealand","85","52.0","1.63","-13","3","lost","","v England","Manchester","24 Jul 1958","","away"
"763","New Zealand","82/5","32.3","2.52","1","4","won","","v Pakistan","Lahore","30 Oct 1969","","away"
"764","New Zealand","80/8","43.0","1.86","-174","4","draw","","v India","Mumbai (BS)","12 Mar 1965","","away"
"765","New Zealand","79","46.3x8","1.27","-164","2","lost","","v South Africa","Johannesburg","29 Jan 1954","","away"
"766","New Zealand","79","47.0","1.68","-64","3","lost","","v Pakistan","Rawalpindi","27 Mar 1965","","away"
"767","New Zealand","79/1d","31.0","2.54","172","3","draw","","v Bangladesh","Dhaka","25 Oct 2008","","away"
"768","New Zealand","77/2","24.0","3.20","4","4","won","","v England","Nottingham","7 Aug 1986","","away"
"769","New Zealand","76","36.2","2.09","-156","3","lost","","v Australia","Brisbane","18 Nov 2004","","away"
"770","New Zealand","75/6","34.0","2.20","-159","4","draw","","v India","Kolkata","28 Dec 1955","","away"
"771","New Zealand","74","50.3","1.46","-148","3","lost","","v England","Lord's","19 Jun 1958","","away"
"772","New Zealand","74/2","15.2","4.82","3","4","won","","v Zimbabwe","Harare","19 Sep 2000","","away"
"773","New Zealand","73","30.2","2.40","-570","2","lost","","v Pakistan","Lahore","1 May 2002","","away"
"774","New Zealand","70","39.2","1.77","70","1","draw","","v Pakistan","Dhaka","7 Nov 1955","","away"
"775","New Zealand","69/6","90.0","0.76","-56","3","draw","","v Pakistan","Dhaka","7 Nov 1955","","away"
"776","New Zealand","68","22.3","3.02","-170","4","lost","","v England","Lord's","16 May 2013","","away"
"777","New Zealand","67","59.1","1.13","67","1","lost","","v England","Leeds","3 Jul 1958","","away"
"778","New Zealand","67","37.1","1.80","117","3","lost","","v England","Lord's","24 Aug 1978","","away"
"779","New Zealand","66/1","23.0","2.86","-91","3","draw","","v England","Nottingham","7 Aug 1969","","away"
"780","New Zealand","62/0","21.0","2.95","-219","4","draw","","v India","Chennai","27 Feb 1965","","away"
"781","New Zealand","60/1","23.0","2.60","3","4","won","","v England","Lord's","22 Jul 1999","","away"
"782","New Zealand","47","32.3","1.44","-222","2","lost","","v England","Lord's","19 Jun 1958","","away"
"783","New Zealand","45","19.2","2.32","45","1","lost","","v South Africa","Cape Town","2 Jan 2013","","away"
"784","New Zealand","41/2","15.0","2.73","-219","4","draw","","v England","Lord's","24 Jul 1986","","away"
"785","New Zealand","36/2","17.0","2.11","-101","3","draw","","v England","Nottingham","7 Jun 1990","","away"
"786","New Zealand","22/1","10.0","2.20","-272","4","draw","","v India","Ahmedabad","4 Nov 2010","","away"
"787","New Zealand","15/2","12.0","1.25","-248","2","draw","","v South Africa","Durban","19 Aug 2016","","away"
"788","New Zealand","7/0","1.0","7.00","-94","3","draw","","v England","The Oval","21 Aug 1986","","away"
"789","New Zealand","DNB","0.0","-","0","0","draw","","v England","Manchester","15 Aug 1931","","away"
"790","New Zealand","DNB","0.0","-","0","0","draw","","v India","Chennai","25 Oct 1995","","away"
"791","New Zealand","690","143.1","4.81","339","2","won","","v Pakistan","Sharjah","26 Nov 2014","","neutral"
"792","New Zealand","403","156.0","2.58","403","1","draw","","v Pakistan","Dubai (DSC)","17 Nov 2014","","neutral"
"793","New Zealand","353/7d","113.0","3.12","279","3","won","","v Pakistan","Abu Dhabi","3 Dec 2018","","neutral"
"794","New Zealand","312","112.5","2.76","-16","3","lost","","v Pakistan","Dubai (DSC)","24 Nov 2018","","neutral"
"795","New Zealand","274","116.1","2.35","274","1","won","","v Pakistan","Abu Dhabi","3 Dec 2018","","neutral"
"796","New Zealand","262","87.3","2.99","-304","2","lost","","v Pakistan","Abu Dhabi","9 Nov 2014","","neutral"
"797","New Zealand","250/9d","64.5","3.85","260","3","draw","","v Pakistan","Dubai (DSC)","17 Nov 2014","","neutral"
"798","New Zealand","249","100.4","2.47","175","3","won","","v Pakistan","Abu Dhabi","16 Nov 2018","","neutral"
"799","New Zealand","231","70.3","3.27","-248","4","lost","","v Pakistan","Abu Dhabi","9 Nov 2014","","neutral"
"800","New Zealand","153","66.3","2.30","153","1","won","","v Pakistan","Abu Dhabi","16 Nov 2018","","neutral"
"801","New Zealand","90","35.3","2.53","-328","2","lost","","v Pakistan","Dubai (DSC)","24 Nov 2018","","neutral"
