,Team,Score,Overs,RPO,Inns,Result,Unnamed: 6,Opposition,Ground,Start Date,Unnamed: 10,ha
0,Sri Lanka,398/5,50.0,7.96,1,won,,v Kenya,Kandy,6 Mar 1996,,home
1,Sri Lanka,368/4,50.0,7.36,1,won,,v Pakistan,Hambantota,26 Jul 2015,,home
2,Sri Lanka,366/6,50.0,7.32,1,won,,v England,Colombo (RPS),23 Oct 2018,,home
3,Sri Lanka,332/7,50.0,6.64,1,won,,v Canada,Hambantota,20 Feb 2011,,home
4,Sri Lanka,327/6,50.0,6.54,1,won,,v Zimbabwe,Pallekele,10 Mar 2011,,home
5,Sri Lanka,320/8,50.0,6.4,1,won,,v India,Colombo (RPS),8 Feb 2009,,home
6,Sri Lanka,320/5,50.0,6.4,1,won,,v South Africa,Colombo (RPS),20 Jul 2013,,home
7,Sri Lanka,317/6,50.0,6.34,1,won,,v England,Colombo (RPS),26 Nov 2014,,home
8,Sri Lanka,316/5,50.0,6.32,1,lost,,v Zimbabwe,Galle,30 Jun 2017,,home
9,Sri Lanka,312/4,50.0,6.24,1,won,,v Bangladesh,Dambulla,18 Jun 2010,,home
10,Sri Lanka,312/2,47.2,6.59,2,won,,v Zimbabwe,Hambantota,6 Jul 2017,,home
11,Sri Lanka,311,49.5,6.24,1,n/r,,v Bangladesh,Dambulla,28 Mar 2017,,home
12,Sri Lanka,310/9,50.0,6.2,1,won,,v Pakistan,Hambantota,26 Aug 2014,,home
13,Sri Lanka,308/8,50.0,6.16,1,won,,v South Africa,Colombo (SSC),31 Aug 2004,,home
14,Sri Lanka,307/6,50.0,6.14,1,won,,v India,Colombo (RPS),12 Sep 2009,,home
15,Sri Lanka,307/4,50.0,6.14,1,won,,v South Africa,Colombo (RPS),31 Jul 2013,,home
16,Sri Lanka,306/7,39.0,7.84,1,won,,v South Africa,Pallekele,8 Aug 2018,,home
17,Sri Lanka,302/4,50.0,6.04,1,won,,v India,Colombo (RPS),17 Aug 1997,,home
18,Sri Lanka,302/9,50.0,6.04,1,lost,,v Bangladesh,Pallekele,28 Mar 2013,,home
19,Sri Lanka,302/6,50.0,6.04,1,won,,v England,Colombo (RPS),16 Dec 2014,,home
20,Sri Lanka,301,49.3,6.08,2,lost,,v India,Colombo (RPS),7 Jul 1998,,home
21,Sri Lanka,300/6,50.0,6.0,1,lost,,v Zimbabwe,Hambantota,8 Jul 2017,,home
22,Sri Lanka,299/8,50.0,5.98,1,won,,v India,Dambulla,28 Aug 2010,,home
23,Sri Lanka,299/8,50.0,5.98,1,won,,v South Africa,Colombo (RPS),12 Aug 2018,,home
24,Sri Lanka,296/4,46.0,6.43,1,won,,v Bangladesh,Colombo (SSC),22 Jul 1997,,home
25,Sri Lanka,295/5,50.0,5.9,1,won,,v India,Colombo (RPS),5 Aug 2001,,home
26,Sri Lanka,295/5,50.0,5.9,1,won,,v Bangladesh,Colombo (RPS),2 Sep 2005,,home
27,Sri Lanka,294/7,50.0,5.88,1,won,,v South Africa,Colombo (RPS),14 Jul 2000,,home
28,Sri Lanka,293/4,50.0,5.86,1,won,,v New Zealand,Colombo (SSC),5 Jul 1998,,home
29,Sri Lanka,293/9,50.0,5.86,2,lost,,v India,Hambantota,21 Jul 2012,,home
30,Sri Lanka,292/6,50.0,5.84,1,won,,v Netherlands,Colombo (RPS),16 Sep 2002,,home
31,Sri Lanka,292/7,50.0,5.84,1,won,,v England,Pallekele,13 Dec 2014,,home
32,Sri Lanka,289/4,46.3,6.21,2,won,,v Pakistan,Dambulla,3 Aug 2009,,home
33,Sri Lanka,288/9,50.0,5.76,1,n/r,,v New Zealand,Hambantota,10 Nov 2013,,home
34,Sri Lanka,288/8,48.1,5.97,2,won,,v Pakistan,Pallekele,15 Jul 2015,,home
35,Sri Lanka,288,48.5,5.89,1,won,,v Australia,Colombo (RPS),24 Aug 2016,,home
36,Sri Lanka,286/6,49.0,5.83,2,won,,v Zimbabwe,Colombo (SSC),26 Jan 1998,,home
37,Sri Lanka,286/9,50.0,5.72,1,won,,v Australia,Hambantota,16 Aug 2011,,home
38,Sri Lanka,286/5,50.0,5.72,1,lost,,v India,Colombo (RPS),28 Jul 2012,,home
39,Sri Lanka,285,45.2,6.28,2,lost,,v South Africa,Pallekele,5 Aug 2018,,home
40,Sri Lanka,282/4,50.0,5.64,1,won,,v India,Dambulla,18 Jul 2004,,home
41,Sri Lanka,281/9,50.0,5.62,1,won,,v India,Colombo (RPS),9 Aug 2005,,home
42,Sri Lanka,280/4,50.0,5.6,1,won,,v Pakistan,Pallekele,9 Jun 2012,,home
43,Sri Lanka,280/9,50.0,5.6,1,won,,v Bangladesh,Colombo (SSC),1 Apr 2017,,home
44,Sri Lanka,277/9,50.0,5.54,1,won,,v West Indies,Colombo (SSC),6 Feb 2011,,home
45,Sri Lanka,275/7,45.0,6.11,1,lost,,v Pakistan,Hambantota,23 Aug 2014,,home
46,Sri Lanka,274,45.4,6.0,2,lost,,v India,Pallekele,4 Aug 2012,,home
47,Sri Lanka,273,46.4,5.85,2,lost,,v India,Colombo (RPS),14 Sep 2009,,home
48,Sri Lanka,273/7,50.0,5.46,1,lost,,v England,Pallekele,20 Oct 2018,,home
49,Sri Lanka,272/7,50.0,5.44,1,won,,v Zimbabwe,Colombo (RPS),12 Dec 2001,,home
50,Sri Lanka,269/9,50.0,5.38,1,won,,v Bangladesh,Colombo (SSC),31 Aug 2005,,home
51,Sri Lanka,269/7,50.0,5.38,1,won,,v England,Dambulla,1 Oct 2007,,home
52,Sri Lanka,267/9,50.0,5.34,2,lost,,v India,Colombo (RPS),27 Jul 2004,,home
53,Sri Lanka,267,49.2,5.41,1,won,,v South Africa,Pallekele,9 Jul 2014,,home
54,Sri Lanka,267/4,49.4,5.37,2,won,,v England,Colombo (RPS),7 Dec 2014,,home
55,Sri Lanka,266/9,50.0,5.32,2,lost,,v Pakistan,Colombo (RPS),26 Feb 2011,,home
56,Sri Lanka,265/7,49.0,5.4,2,won,,v South Africa,Colombo (RPS),20 Aug 2004,,home
57,Sri Lanka,265,48.0,5.52,2,lost,,v India,Colombo (RPS),5 Feb 2009,,home
58,Sri Lanka,264,49.4,5.31,1,won,,v India,Colombo (SSC),24 Aug 1997,,home
59,Sri Lanka,262/6,49.0,5.34,1,won,,v New Zealand,Colombo (RPS),13 Dec 1992,,home
60,Sri Lanka,258/6,50.0,5.16,1,won,,v Bangladesh,Colombo (RPS),7 Aug 2002,,home
61,Sri Lanka,257,44.3,5.77,2,lost,,v South Africa,Hambantota,12 Jul 2014,,home
62,Sri Lanka,256/9,50.0,5.12,1,lost,,v Pakistan,Colombo (RPS),22 Jul 2015,,home
63,Sri Lanka,255/8,50.0,5.1,1,lost,,v Pakistan,Dambulla,11 Jul 2015,,home
64,Sri Lanka,253/8,50.0,5.06,1,won,,v West Indies,Colombo (RPS),19 Dec 2001,,home
65,Sri Lanka,251/6,49.2,5.08,2,won,,v Australia,Colombo (PSS),15 Aug 1992,,home
66,Sri Lanka,251/8,50.0,5.02,1,lost,,v India,Colombo (RPS),31 Jul 2012,,home
67,Sri Lanka,250/5,47.0,5.31,1,won,,v England,Colombo (RPS),10 Mar 1993,,home
68,Sri Lanka,249/7,50.0,4.98,1,won,,v South Africa,Galle,6 Jul 2000,,home
69,Sri Lanka,248/8,49.4,4.99,2,won,,v Pakistan,Colombo (RPS),18 Jun 2012,,home
70,Sri Lanka,247/9,42.0,5.88,2,lost,,v India,Colombo (SSC),29 Aug 1999,,home
71,Sri Lanka,246/7,50.0,4.92,1,lost,,v India,Dambulla,28 Jan 2009,,home
72,Sri Lanka,245,49.5,4.91,1,won,,v Australia,Dambulla,22 Feb 2004,,home
73,Sri Lanka,244/4,49.2,4.94,2,won,,v Pakistan,Colombo (RPS),9 Jul 2000,,home
74,Sri Lanka,244/5,50.0,4.88,1,n/r,,v India,Colombo (RPS),29 Sep 2002,,home
75,Sri Lanka,244/8,50.0,4.88,1,lost,,v South Africa,Dambulla,1 Aug 2018,,home
76,Sri Lanka,243/6,50.0,4.86,1,lost,,v India,Colombo (RPS),19 Jun 1998,,home
77,Sri Lanka,243/8,50.0,4.86,1,won,,v Pakistan,Colombo (RPS),16 Jun 2012,,home
78,Sri Lanka,242/9,50.0,4.84,1,won,,v Pakistan,Dambulla,15 Jun 2010,,home
79,Sri Lanka,242/8,35.0,6.91,1,lost,,v England,Hambantota,3 Dec 2014,,home
80,Sri Lanka,241/6,45.0,5.35,1,lost,,v India,Colombo (SSC),25 Aug 1985,,home
81,Sri Lanka,241/3,41.5,5.76,2,won,,v India,Colombo (RPS),20 Aug 1997,,home
82,Sri Lanka,241/6,50.0,4.82,1,won,,v West Indies,Dambulla,2 Aug 2005,,home
83,Sri Lanka,241,49.2,4.88,2,lost,,v India,Colombo (RPS),31 Jan 2009,,home
84,Sri Lanka,240/2,36.5,6.51,2,won,,v India,Colombo (RPS),26 Jul 1997,,home
85,Sri Lanka,240/5,48.3,4.94,2,won,,v New Zealand,Colombo (RPS),25 Jul 2001,,home
86,Sri Lanka,239,49.5,4.79,1,won,,v Pakistan,Colombo (RPS),14 Jul 1997,,home
87,Sri Lanka,239/2,43.1,5.53,2,won,,v West Indies,Kandy,15 Dec 2001,,home
88,Sri Lanka,239,50.0,4.78,1,won,,v U.A.E.,Dambulla,17 Jul 2004,,home
89,Sri Lanka,239/2,44.0,5.43,2,won,,v South Africa,Pallekele,28 Jul 2013,,home
90,Sri Lanka,239,49.0,4.87,1,lost,,v England,Pallekele,10 Dec 2014,,home
91,Sri Lanka,238/2,35.4,6.67,2,won,,v Bangladesh,Hambantota,23 Mar 2013,,home
92,Sri Lanka,238,49.4,4.79,1,lost,,v India,Colombo (RPS),3 Sep 2017,,home
93,Sri Lanka,236/3,46.1,5.11,2,won,,v South Africa,Dambulla,28 Aug 2004,,home
94,Sri Lanka,236/8,50.0,4.72,1,lost,,v India,Pallekele,24 Aug 2017,,home
95,Sri Lanka,234/3,35.0,6.68,1,won,,v Australia,Colombo (RPS),7 Sep 1996,,home
96,Sri Lanka,234/6,50.0,4.68,1,won,,v Bangladesh,Colombo (PSS),20 Jul 2007,,home
97,Sri Lanka,234,45.1,5.18,2,lost,,v Bangladesh,Dambulla,25 Mar 2017,,home
98,Sri Lanka,232/6,45.5,5.06,2,won,,v Australia,Colombo (RPS),30 Aug 1996,,home
99,Sri Lanka,232/9,50.0,4.64,1,won,,v Pakistan,Dambulla,30 Jul 2009,,home
100,Sri Lanka,231/6,49.3,4.66,2,won,,v India,Moratuwa,14 Aug 1993,,home
101,Sri Lanka,231/4,44.4,5.17,2,won,,v India,Colombo (RPS),18 Jul 1997,,home
102,Sri Lanka,231/0,39.3,5.84,2,won,,v England,Colombo (RPS),26 Mar 2011,,home
103,Sri Lanka,230/7,48.1,4.77,2,won,,v West Indies,Colombo (RPS),16 Dec 1993,,home
104,Sri Lanka,230/1,44.2,5.18,2,won,,v India,Colombo (RPS),28 Aug 1996,,home
105,Sri Lanka,229/4,37.0,6.18,2,won,,v Zimbabwe,Colombo (SSC),21 Feb 1996,,home
106,Sri Lanka,229,40.3,5.65,2,lost,,v South Africa,Colombo (RPS),6 Jul 2014,,home
107,Sri Lanka,228/4,47.0,4.85,2,won,,v Zimbabwe,Colombo (SSC),3 Sep 1996,,home
108,Sri Lanka,228/5,44.4,5.1,2,won,,v Bangladesh,Colombo (SSC),4 Aug 2002,,home
109,Sri Lanka,228/9,50.0,4.56,1,won,,v India,Colombo (RPS),1 Aug 2004,,home
110,Sri Lanka,227/6,50.0,4.54,1,won,,v India,Colombo (RPS),29 Aug 2008,,home
111,Sri Lanka,227/8,50.0,4.54,1,lost,,v Australia,Colombo (RPS),21 Aug 2016,,home
112,Sri Lanka,226/6,50.0,4.52,1,won,,v England,Colombo (RPS),25 Mar 2001,,home
113,Sri Lanka,226/8,50.0,4.52,1,lost,,v Australia,Colombo (RPS),25 Feb 2004,,home
114,Sri Lanka,226,49.2,4.58,1,lost,,v Australia,Dambulla,28 Aug 2016,,home
115,Sri Lanka,225/2,36.3,6.16,2,won,,v West Indies,Colombo (RPS),4 Nov 2015,,home
116,Sri Lanka,224,49.4,4.51,1,lost,,v Pakistan,Colombo (SSC),22 Mar 2006,,home
117,Sri Lanka,223/9,49.2,4.52,1,won,,v South Africa,Colombo (RPS),23 Jul 2013,,home
118,Sri Lanka,222/7,50.0,4.44,1,n/r,,v India,Colombo (RPS),30 Sep 2002,,home
119,Sri Lanka,221/9,50.0,4.42,1,won,,v India,Colombo (RPS),22 Jul 2001,,home
120,Sri Lanka,221/6,36.0,6.13,1,won,,v New Zealand,Colombo (SSC),31 Jul 2001,,home
121,Sri Lanka,221/6,48.0,4.6,2,won,,v India,Dambulla,3 Aug 2005,,home
122,Sri Lanka,220,48.5,4.5,1,won,,v New Zealand,Colombo (RPS),18 Jul 2001,,home
123,Sri Lanka,220/5,47.5,4.59,2,won,,v New Zealand,Colombo (RPS),29 Mar 2011,,home
124,Sri Lanka,218,49.0,4.44,2,lost,,v Pakistan,Colombo (SSC),7 Aug 1994,,home
125,Sri Lanka,217/9,50.0,4.34,1,lost,,v India,Pallekele,27 Aug 2017,,home
126,Sri Lanka,216,41.4,5.18,2,lost,,v India,Colombo (RPS),3 Feb 2009,,home
127,Sri Lanka,216/7,50.0,4.32,1,won,,v New Zealand,Colombo (RPS),8 Sep 2009,,home
128,Sri Lanka,216,43.2,4.98,1,lost,,v India,Dambulla,20 Aug 2017,,home
129,Sri Lanka,215/7,45.0,4.77,1,won,,v England,Colombo (SSC),14 Feb 1982,,home
130,Sri Lanka,214,47.1,4.53,2,lost,,v Australia,Colombo (RPS),26 Aug 1999,,home
131,Sri Lanka,213/6,43.2,4.91,2,won,,v Australia,Colombo (PSS),16 Apr 1983,,home
132,Sri Lanka,213/3,47.2,4.5,2,won,,v Pakistan,Colombo (SSC),11 Sep 1994,,home
133,Sri Lanka,213/5,48.2,4.4,2,won,,v Zimbabwe,Colombo (RPS),24 Jan 1998,,home
134,Sri Lanka,213/9,50.0,4.26,1,won,,v South Africa,Colombo (RPS),22 Aug 2004,,home
135,Sri Lanka,213/6,47.0,4.53,2,won,,v Australia,Colombo (RPS),22 Aug 2011,,home
136,Sri Lanka,212,46.3,4.55,2,lost,,v India,Colombo (RPS),27 Aug 2008,,home
137,Sri Lanka,212,50.0,4.24,1,lost,,v Australia,Dambulla,31 Aug 2016,,home
138,Sri Lanka,211,49.2,4.27,2,lost,,v India,Colombo (RPS),25 Jul 1993,,home
139,Sri Lanka,211/9,50.0,4.22,1,lost,,v England,Colombo (RPS),10 Oct 2007,,home
140,Sri Lanka,211,48.1,4.38,1,won,,v England,Colombo (RPS),13 Oct 2007,,home
141,Sri Lanka,211/3,37.3,5.62,2,won,,v India,Dambulla,22 Jun 2010,,home
142,Sri Lanka,211/8,33.0,6.39,1,won,,v New Zealand,Dambulla,16 Nov 2013,,home
143,Sri Lanka,210/5,45.2,4.63,2,won,,v Zimbabwe,Colombo (SSC),22 Jan 1998,,home
144,Sri Lanka,209/7,48.2,4.32,2,won,,v India,Dambulla,30 Jul 2005,,home
145,Sri Lanka,208/2,39.3,5.26,2,won,,v Australia,Colombo (RPS),31 Aug 1999,,home
146,Sri Lanka,208,49.3,4.2,1,lost,,v Australia,Hambantota,14 Aug 2011,,home
147,Sri Lanka,207/6,50.0,4.14,1,lost,,v Australia,Colombo (RPS),5 Sep 1992,,home
148,Sri Lanka,207,42.4,4.85,2,lost,,v India,Colombo (RPS),31 Aug 2017,,home
149,Sri Lanka,206/8,45.0,4.57,2,lost,,v England,Colombo (SSC),13 Feb 1982,,home
150,Sri Lanka,206/3,46.4,4.41,2,won,,v India,Colombo (RPS),25 Aug 1999,,home
151,Sri Lanka,204/7,50.0,4.08,1,won,,v India,Colombo (RPS),12 Aug 1993,,home
152,Sri Lanka,204,49.0,4.16,2,lost,,v India,Colombo (RPS),24 Aug 2008,,home
153,Sri Lanka,203/3,43.4,4.64,1,n/r,,v New Zealand,Dambulla,19 Aug 2010,,home
154,Sri Lanka,203/8,50.0,4.06,1,lost,,v Zimbabwe,Hambantota,10 Jul 2017,,home
155,Sri Lanka,202/7,47.5,4.22,2,won,,v Australia,Colombo (SSC),29 Feb 2004,,home
156,Sri Lanka,201/3,40.0,5.02,2,won,,v New Zealand,Colombo (RPS),21 Jun 1998,,home
157,Sri Lanka,201,43.2,4.63,2,lost,,v West Indies,Colombo (RPS),11 Dec 2001,,home
158,Sri Lanka,201/2,36.1,5.55,2,won,,v Pakistan,Colombo (RPS),12 Sep 2002,,home
159,Sri Lanka,200/6,50.0,4.0,1,lost,,v Pakistan,Colombo (RPS),3 Aug 1994,,home
160,Sri Lanka,200/3,31.1,6.41,2,won,,v New Zealand,Pallekele,6 Nov 2012,,home
161,Sri Lanka,199/2,42.3,4.68,2,won,,v West Indies,Colombo (SSC),3 Feb 2011,,home
162,Sri Lanka,198/9,50.0,3.96,1,won,,v South Africa,Colombo (RPS),4 Sep 1993,,home
163,Sri Lanka,196,39.5,4.92,1,won,,v Bangladesh,Colombo (RPS),25 Jul 2007,,home
164,Sri Lanka,195/5,42.2,4.6,2,won,,v Pakistan,Colombo (SSC),6 Apr 1986,,home
165,Sri Lanka,195/7,40.5,4.77,2,won,,v New Zealand,Dambulla,13 Aug 2010,,home
166,Sri Lanka,195,40.2,4.83,1,lost,,v Australia,Pallekele,4 Sep 2016,,home
167,Sri Lanka,194/5,42.5,4.52,2,won,,v Australia,Colombo (RPS),4 Sep 1992,,home
168,Sri Lanka,193,43.4,4.41,2,lost,,v Australia,Colombo (RPS),27 Feb 2004,,home
169,Sri Lanka,193,47.0,4.1,2,lost,,v West Indies,Colombo (RPS),6 Aug 2005,,home
170,Sri Lanka,193,34.3,5.59,1,lost,,v South Africa,Dambulla,29 Jul 2018,,home
171,Sri Lanka,192/2,37.4,5.09,2,won,,v New Zealand,Colombo (PSS),12 Dec 1992,,home
172,Sri Lanka,192/6,47.4,4.02,2,won,,v South Africa,Dambulla,25 Aug 2004,,home
173,Sri Lanka,191/0,33.3,5.7,2,won,,v Bangladesh,Colombo (RPS),23 Jul 2004,,home
174,Sri Lanka,191,41.1,4.63,1,lost,,v Australia,Pallekele,10 Aug 2011,,home
175,Sri Lanka,187,44.4,4.18,2,lost,,v India,Dambulla,24 Jun 2010,,home
176,Sri Lanka,186/2,34.2,5.41,2,won,,v England,Colombo (RPS),29 Nov 2014,,home
177,Sri Lanka,183/2,35.2,5.17,2,won,,v England,Moratuwa,20 Mar 1993,,home
178,Sri Lanka,183,46.5,3.9,1,lost,,v India,Colombo (RPS),28 Jul 2001,,home
179,Sri Lanka,181/3,47.2,3.82,2,won,,v Pakistan,Colombo (RPS),6 Aug 1994,,home
180,Sri Lanka,181,45.5,3.94,2,lost,,v India,Colombo (SSC),1 Aug 2001,,home
181,Sri Lanka,181,41.1,4.39,2,lost,,v Pakistan,Colombo (RPS),19 Jul 2015,,home
182,Sri Lanka,180/5,32.3,5.53,2,won,,v West Indies,Pallekele,7 Nov 2015,,home
183,Sri Lanka,179/5,41.3,4.31,1,n/r,,v South Africa,Kandy,22 Aug 1993,,home
184,Sri Lanka,178,43.3,4.09,2,lost,,v Australia,Dambulla,20 Feb 2004,,home
185,Sri Lanka,175,36.1,4.83,2,lost,,v Pakistan,Colombo (RPS),7 Aug 2009,,home
186,Sri Lanka,174/6,39.4,4.38,2,won,,v New Zealand,Colombo (PSS),3 Nov 1984,,home
187,Sri Lanka,174/9,50.0,3.48,1,lost,,v Pakistan,Colombo (SSC),22 Aug 1994,,home
188,Sri Lanka,172,49.5,3.45,1,won,,v Pakistan,Dambulla,18 May 2003,,home
189,Sri Lanka,171/5,28.0,6.1,1,won,,v India,Colombo (PSS),21 Sep 1985,,home
190,Sri Lanka,171/8,36.0,4.75,1,won,,v India,Colombo (SSC),1 Jul 1998,,home
191,Sri Lanka,170,46.1,3.68,1,lost,,v India,Dambulla,16 Aug 2010,,home
192,Sri Lanka,169/8,44.1,3.82,2,won,,v Australia,Colombo (PSS),13 Apr 1983,,home
193,Sri Lanka,169,44.3,3.79,2,lost,,v England,Dambulla,4 Oct 2007,,home
194,Sri Lanka,169/4,43.4,3.87,2,won,,v Pakistan,Dambulla,1 Aug 2009,,home
195,Sri Lanka,168/2,27.3,6.1,2,won,,v South Africa,Colombo (SSC),11 Jul 2000,,home
196,Sri Lanka,167,43.2,3.85,2,lost,,v South Africa,Pallekele,26 Jul 2013,,home
197,Sri Lanka,166/5,37.3,4.42,2,won,,v Pakistan,Galle,5 Jul 2000,,home
198,Sri Lanka,166/0,33.5,4.9,2,won,,v England,Colombo (SSC),27 Mar 2001,,home
199,Sri Lanka,164/4,34.4,4.73,2,won,,v Australia,Colombo (PSS),13 Sep 1994,,home
0,Sri Lanka,164,41.1,3.98,1,lost,,v England,Dambulla,7 Oct 2007,,home
1,Sri Lanka,164/9,24.5,6.60,2,won,,v West Indies,Colombo (RPS),1 Nov 2015,,home
2,Sri Lanka,163/3,40.0,4.07,2,won,,v Australia,Colombo (RPS),27 Sep 2002,,home
3,Sri Lanka,160/8,38.0,4.21,1,lost,,v Pakistan,Colombo (SSC),11 Mar 1986,,home
4,Sri Lanka,160,48.1,3.32,2,lost,,v Pakistan,Colombo (RPS),24 Aug 1994,,home
5,Sri Lanka,160,37.4,4.24,2,lost,,v Australia,Galle,22 Aug 1999,,home
6,Sri Lanka,158/3,30.1,5.23,2,won,,v Zimbabwe,Galle,2 Jul 2017,,home
7,Sri Lanka,157/8,40.0,3.92,1,won,,v New Zealand,Moratuwa,31 Mar 1984,,home
8,Sri Lanka,150/9,21.0,7.14,1,lost,,v England,Pallekele,17 Oct 2018,,home
9,Sri Lanka,147,49.1,2.98,2,lost,,v New Zealand,Dambulla,19 May 2003,,home
10,Sri Lanka,147/2,34.5,4.22,2,won,,v India,Dambulla,18 Aug 2008,,home
11,Sri Lanka,147,34.2,4.28,2,lost,,v Pakistan,Colombo (RPS),9 Aug 2009,,home
12,Sri Lanka,146/1,18.4,7.82,2,won,,v Kenya,Colombo (RPS),1 Mar 2011,,home
13,Sri Lanka,146/3,32.5,4.44,1,n/r,,v Australia,Colombo (RPS),5 Mar 2011,,home
14,Sri Lanka,144/5,40.5,3.52,2,won,,v England,Dambulla,23 Mar 2001,,home
15,Sri Lanka,143/5,43.4,3.27,2,won,,v New Zealand,Dambulla,13 May 2003,,home
16,Sri Lanka,142,38.3,3.68,1,lost,,v India,Dambulla,20 Aug 2008,,home
17,Sri Lanka,141/5,31.1,4.52,2,won,,v Bangladesh,Colombo (RPS),23 Jul 2007,,home
18,Sri Lanka,140/5,29.0,4.82,2,lost,,v England,Dambulla,13 Oct 2018,,home
19,Sri Lanka,139/1,19.5,7.00,2,won,,v India,Hambantota,24 Jul 2012,,home
20,Sri Lanka,138/1,23.0,6.00,1,lost,,v New Zealand,Hambantota,12 Nov 2013,,home
21,Sri Lanka,137/9,43.0,3.18,1,lost,,v New Zealand,Colombo (RPS),5 Apr 1986,,home
22,Sri Lanka,135/8,42.0,3.21,1,lost,,v Pakistan,Pallekele,7 Jun 2012,,home
23,Sri Lanka,132/3,31.3,4.19,2,won,,v Bangladesh,Kandy,2 Apr 1986,,home
24,Sri Lanka,132/6,19.0,6.94,2,n/r,,v India,Colombo (SSC),23 Aug 1997,,home
25,Sri Lanka,132,38.4,3.41,1,lost,,v Australia,Colombo (RPS),20 Aug 2011,,home
26,Sri Lanka,131/3,26.2,4.97,2,won,,v New Zealand,Hambantota,10 Nov 2012,,home
27,Sri Lanka,130,37.3,3.46,2,lost,,v New Zealand,Colombo (SSC),3 Mar 1984,,home
28,Sri Lanka,130,44.2,2.93,1,lost,,v Pakistan,Colombo (RPS),19 Mar 2006,,home
29,Sri Lanka,126/3,24.2,5.17,2,won,,v India,Colombo (RPS),5 Sep 1994,,home
30,Sri Lanka,124/6,23.0,5.39,1,lost,,v Pakistan,Kandy,2 Mar 1986,,home
31,Sri Lanka,123/3,32.0,3.84,2,won,,v Pakistan,Colombo (RPS),21 Jul 2004,,home
32,Sri Lanka,123/8,28.3,4.31,1,n/r,,v New Zealand,Hambantota,12 Nov 2012,,home
33,Sri Lanka,120,43.1,2.77,2,lost,,v Pakistan,Dambulla,10 May 2003,,home
34,Sri Lanka,118/3,22.5,5.16,2,won,,v New Zealand,Pallekele,4 Nov 2012,,home
35,Sri Lanka,116,33.5,3.42,2,lost,,v Pakistan,Colombo (PSS),30 Mar 1986,,home
36,Sri Lanka,115,38.1,3.01,2,lost,,v New Zealand,Colombo (PSS),1 Apr 1984,,home
37,Sri Lanka,114/9,41.0,2.78,1,lost,,v New Zealand,Moratuwa,4 Nov 1984,,home
38,Sri Lanka,106/4,21.2,4.96,2,won,,v Bangladesh,Colombo (RPS),4 Sep 2005,,home
39,Sri Lanka,104/2,15.1,6.85,2,won,,v India,Dambulla,22 Aug 2010,,home
40,Sri Lanka,104/3,18.2,5.67,2,won,,v Pakistan,Dambulla,30 Aug 2014,,home
41,Sri Lanka,103/5,23.0,4.47,1,lost,,v West Indies,Colombo (SSC),18 Dec 1993,,home
42,Sri Lanka,98,34.0,2.88,2,lost,,v South Africa,Colombo (RPS),2 Sep 1993,,home
43,Sri Lanka,98/9,25.0,3.92,1,lost,,v India,Colombo (SSC),17 Sep 1994,,home
44,Sri Lanka,89/0,13.5,6.43,2,won,,v England,Dambulla,18 Nov 2003,,home
45,Sri Lanka,77/2,15.4,4.91,2,won,,v Bangladesh,Colombo (SSC),5 Aug 2002,,home
46,Sri Lanka,41/2,10.2,3.96,2,n/r,,v New Zealand,Colombo (RPS),4 Dec 1992,,home
47,Sri Lanka,40/1,4.2,9.23,2,won,,v Zimbabwe,Colombo (SSC),8 Dec 2001,,home
48,Sri Lanka,35/1,12.1,2.87,2,n/r,,v West Indies,Colombo (PSS),1 Dec 1993,,home
49,Sri Lanka,33/0,5.0,6.60,1,n/r,,v Bangladesh,Hambantota,25 Mar 2013,,home
50,Sri Lanka,32/4,9.2,3.42,2,n/r,,v India,Colombo (PSS),22 Sep 1985,,home
51,Sri Lanka,DNB,0.0,-,0,n/r,,v Australia,Colombo (SSC),29 Apr 1983,,home
52,Sri Lanka,DNB,0.0,-,0,n/r,,v Australia,Colombo (SSC),30 Apr 1983,,home
53,Sri Lanka,DNB,0.0,-,0,n/r,,v Pakistan,Moratuwa,8 Mar 1986,,home
54,Sri Lanka,DNB,0.0,-,0,n/r,,v India,Colombo (RPS),4 Sep 1994,,home
55,Sri Lanka,DNB,0.0,-,0,n/r,,v Pakistan,Colombo (RPS),17 Mar 2006,,home
56,Sri Lanka,DNB,0.0,-,0,n/r,,v India,Colombo (SSC),18 Aug 2006,,home
57,Sri Lanka,DNB,0.0,-,0,n/r,,v West Indies,Colombo (SSC),31 Jan 2011,,home
58,Sri Lanka,DNB,0.0,-,0,n/r,,v Pakistan,Colombo (RPS),13 Jun 2012,,home
59,Sri Lanka,DNB,0.0,-,0,n/r,,v England,Dambulla,10 Oct 2018,,home
0,Sri Lanka,443/9,50.0,8.86,1,won,,v Netherlands,Amstelveen,4 Jul 2006,,away
1,Sri Lanka,411/8,50.0,8.22,2,lost,,v India,Rajkot,15 Dec 2009,,away
2,Sri Lanka,377/8,50.0,7.54,1,won,,v Ireland,Dublin (Malahide),18 Jun 2016,,away
3,Sri Lanka,343/5,50.0,6.86,1,won,,v Australia,Sydney,9 Jan 2003,,away
4,Sri Lanka,327,48.1,6.78,2,lost,,v South Africa,Cape Town,7 Feb 2017,,away
5,Sri Lanka,326,49.0,6.65,2,lost,,v New Zealand,Mount Maunganui,3 Jan 2019,,away
6,Sri Lanka,324/2,37.3,8.64,2,won,,v England,Leeds,1 Jul 2006,,away
7,Sri Lanka,322/8,50.0,6.44,1,won,,v Scotland,Edinburgh,21 May 2019,,away
8,Sri Lanka,319/8,50.0,6.38,1,won,,v England,The Oval,20 Jun 2006,,away
9,Sri Lanka,319/8,50.0,6.38,1,won,,v South Africa,Centurion,22 Sep 2009,,away
10,Sri Lanka,318/7,50.0,6.36,1,won,,v England,Manchester,28 Jun 2006,,away
11,Sri Lanka,315/6,50.0,6.3,1,lost,,v India,Kolkata,24 Dec 2009,,away
12,Sri Lanka,314/8,49.5,6.3,2,won,,v South Africa,Johannesburg,22 Jan 2012,,away
13,Sri Lanka,313/6,49.3,6.32,2,won,,v West Indies,Bridgetown,8 Jun 2003,,away
14,Sri Lanka,313/8,50.0,6.26,1,won,,v Netherlands,Amstelveen,6 Jul 2006,,away
15,Sri Lanka,312,46.2,6.73,2,lost,,v Australia,Sydney,8 Mar 2015,,away
16,Sri Lanka,309/7,50.0,6.18,1,won,,v Australia,Sydney,22 Jan 2006,,away
17,Sri Lanka,309/7,50.0,6.18,1,won,,v Bangladesh,Chattogram,25 Feb 2006,,away
18,Sri Lanka,309/5,50.0,6.18,1,won,,v Pakistan,Lahore,24 Jan 2009,,away
19,Sri Lanka,309/5,50.0,6.18,1,won,,v England,Leeds,1 Jul 2011,,away
20,Sri Lanka,306,49.2,6.2,2,lost,,v Australia,Brisbane,4 Mar 2012,,away
21,Sri Lanka,305/5,42.0,7.26,1,lost,,v England,The Oval,29 Jun 2016,,away
22,Sri Lanka,304/5,48.4,6.24,2,won,,v South Africa,Kimberley,20 Jan 2012,,away
23,Sri Lanka,303/5,50.0,6.06,1,won,,v West Indies,Providence,1 Apr 2007,,away
24,Sri Lanka,303/7,50.0,6.06,1,won,,v Ireland,Dublin (Malahide),16 Jun 2016,,away
25,Sri Lanka,302/7,50.0,6.04,1,won,,v Pakistan,Karachi,29 Jun 2008,,away
26,Sri Lanka,302/7,49.1,6.14,2,won,,v India,Nagpur,18 Dec 2009,,away
27,Sri Lanka,300/9,50.0,6.0,1,won,,v England,Lord's,31 May 2014,,away
28,Sri Lanka,298/4,50.0,5.96,1,lost,,v India,Jaipur,31 Oct 2005,,away
29,Sri Lanka,298,46.2,6.43,2,lost,,v New Zealand,Mount Maunganui,5 Jan 2019,,away
30,Sri Lanka,297/3,47.1,6.29,2,won,,v England,The Oval,13 Jun 2013,,away
31,Sri Lanka,296/4,50.0,5.92,1,won,,v Zimbabwe,Harare,6 Nov 1994,,away
32,Sri Lanka,296/8,50.0,5.92,2,lost,,v South Africa,Centurion,10 Feb 2017,,away
33,Sri Lanka,293/6,50.0,5.86,1,lost,,v Pakistan,Lahore,14 Oct 2004,,away
34,Sri Lanka,290/8,50.0,5.8,1,won,,v Pakistan,Karachi,21 Jan 2009,,away
35,Sri Lanka,289/7,40.0,7.22,2,lost,,v India,Mumbai,17 Jan 1987,,away
36,Sri Lanka,289/3,40.0,7.22,2,won,,v New Zealand,Napier,28 Dec 2006,,away
37,Sri Lanka,289/6,50.0,5.78,1,won,,v Bangladesh,Dhaka,20 Feb 2014,,away
38,Sri Lanka,288/8,50.0,5.76,2,lost,,v Zimbabwe,Harare,5 Nov 1994,,away
39,Sri Lanka,287/7,50.0,5.74,1,won,,v Pakistan,Lahore,16 Oct 2004,,away
40,Sri Lanka,287/6,50.0,5.74,1,won,,v New Zealand,Wellington,29 Jan 2015,,away
41,Sri Lanka,286,58.0,4.93,2,lost,,v England,Taunton,11 Jun 1983,,away
42,Sri Lanka,286/5,47.4,6.0,2,won,,v India,Ahmedabad,6 Nov 2005,,away
43,Sri Lanka,286/8,50.0,5.72,1,lost,,v India,Ranchi,16 Nov 2014,,away
44,Sri Lanka,286/9,50.0,5.72,1,tied,,v England,Nottingham,21 Jun 2016,,away
45,Sri Lanka,284/9,50.0,5.68,1,n/r,,v Zimbabwe,Bulawayo,11 Dec 1999,,away
46,Sri Lanka,284/7,50.0,5.68,1,won,,v Scotland,Edinburgh,13 Jul 2011,,away
47,Sri Lanka,283/7,49.2,5.73,2,won,,v Australia,Hobart,24 Feb 2012,,away
48,Sri Lanka,281/2,40.0,7.02,2,won,,v Pakistan,Lahore,5 Nov 1997,,away
49,Sri Lanka,277/8,50.0,5.54,1,lost,,v India,Delhi,15 Sep 1982,,away
50,Sri Lanka,277/2,46.2,5.97,2,won,,v New Zealand,Nelson,31 Dec 2015,,away
51,Sri Lanka,276,49.3,5.57,1,lost,,v New Zealand,Nelson,20 Jan 2015,,away
52,Sri Lanka,274/8,50.0,5.48,1,won,,v Pakistan,Karachi,13 Feb 2000,,away
53,Sri Lanka,274/8,50.0,5.48,1,won,,v Australia,Adelaide,10 Feb 2006,,away
54,Sri Lanka,274/6,50.0,5.48,1,lost,,v India,Mumbai,2 Apr 2011,,away
55,Sri Lanka,274/2,44.2,6.18,2,won,,v Australia,Adelaide,6 Mar 2012,,away
56,Sri Lanka,274/8,50.0,5.48,1,lost,,v India,Ahmedabad,6 Nov 2014,,away
57,Sri Lanka,273/6,50.0,5.46,1,won,,v New Zealand,Napier,8 Jan 2006,,away
58,Sri Lanka,272/4,48.4,5.58,2,won,,v India,Delhi,2 Mar 1996,,away
59,Sri Lanka,269,49.2,5.45,2,lost,,v New Zealand,Christchurch,11 Feb 2001,,away
60,Sri Lanka,268/9,50.0,5.36,1,tied,,v South Africa,Durban,3 Mar 2003,,away
61,Sri Lanka,267,47.1,5.66,2,lost,,v Australia,Melbourne,7 Feb 1999,,away
62,Sri Lanka,266/9,50.0,5.32,1,lost,,v Australia,Brisbane,14 Feb 2006,,away
63,Sri Lanka,266/9,50.0,5.32,1,lost,,v South Africa,Bloemfontein,17 Jan 2012,,away
64,Sri Lanka,265/2,42.2,6.25,2,won,,v England,Chester-le-Street,24 Jun 2006,,away
65,Sri Lanka,263/6,50.0,5.26,1,won,,v Pakistan,Gujranwala,16 Feb 2000,,away
66,Sri Lanka,262/4,44.4,5.86,2,won,,v Zimbabwe,Harare,18 Dec 1999,,away
67,Sri Lanka,262/6,50.0,5.24,1,won,,v New Zealand,Auckland,6 Jan 2007,,away
68,Sri Lanka,261,49.5,5.23,1,lost,,v India,Pune,3 Nov 2005,,away
69,Sri Lanka,261/3,44.5,5.82,2,won,,v Bangladesh,Dhaka,4 Jan 2010,,away
70,Sri Lanka,260/5,47.1,5.51,2,won,,v England,Lord's,20 Aug 1998,,away
71,Sri Lanka,259/9,50.0,5.18,1,lost,,v Australia,Sydney,13 Jan 1999,,away
72,Sri Lanka,259/7,47.0,5.51,1,lost,,v India,Visakhapatnam,17 Feb 2007,,away
73,Sri Lanka,258/3,41.4,6.19,2,won,,v South Africa,Benoni,1 Dec 2002,,away
74,Sri Lanka,258,47.1,5.46,2,lost,,v New Zealand,Mount Maunganui,5 Jan 2016,,away
75,Sri Lanka,257/7,50.0,5.14,1,won,,v Pakistan,Faisalabad,1 Oct 1995,,away
76,Sri Lanka,257/9,50.0,5.14,1,won,,v England,Lord's,17 Jun 2006,,away
77,Sri Lanka,257/8,50.0,5.14,1,won,,v India,Rajkot,11 Feb 2007,,away
78,Sri Lanka,257/8,50.0,5.14,1,n/r,,v West Indies,Gros Islet,15 Apr 2008,,away
79,Sri Lanka,256/5,50.0,5.12,1,won,,v Zimbabwe,Harare,3 Nov 1994,,away
80,Sri Lanka,256/8,50.0,5.12,1,won,,v England,Chester-le-Street,25 May 2014,,away
81,Sri Lanka,255/9,50.0,5.1,1,lost,,v Australia,Sydney,21 Dec 1995,,away
82,Sri Lanka,255/7,50.0,5.1,1,lost,,v New Zealand,Christchurch,3 Jan 2006,,away
83,Sri Lanka,254/7,50.0,5.08,1,lost,,v England,Birmingham,24 Jun 2016,,away
84,Sri Lanka,252,49.2,5.1,2,lost,,v Pakistan,Hyderabad (Sind),8 Oct 1987,,away
85,Sri Lanka,252/1,42.5,5.88,2,won,,v Bangladesh,Dhaka,8 Jan 2010,,away
86,Sri Lanka,252,48.2,5.21,2,lost,,v England,Manchester,9 Jul 2011,,away
87,Sri Lanka,252/4,47.4,5.28,2,won,,v New Zealand,Hamilton,15 Jan 2015,,away
88,Sri Lanka,252,43.4,5.77,2,lost,,v New Zealand,Dunedin,23 Jan 2015,,away
89,Sri Lanka,251/8,50.0,5.02,1,won,,v India,Kolkata,13 Mar 1996,,away
90,Sri Lanka,251,48.3,5.17,1,won,,v West Indies,Port of Spain,13 Apr 1996,,away
91,Sri Lanka,251,43.1,5.81,2,lost,,v India,Kolkata,13 Nov 2014,,away
92,Sri Lanka,251/8,50.0,5.02,2,lost,,v India,Mohali,13 Dec 2017,,away
93,Sri Lanka,250/6,50.0,5.0,1,won,,v New Zealand,Auckland,1 Apr 1995,,away
94,Sri Lanka,249/9,50.0,4.98,2,lost,,v England,Nottingham,27 Jun 2002,,away
95,Sri Lanka,249/4,48.2,5.15,2,won,,v England,Lord's,3 Jul 2011,,away
96,Sri Lanka,249,41.4,5.97,2,lost,,v New Zealand,Nelson,8 Jan 2019,,away
97,Sri Lanka,248/8,49.0,5.06,2,lost,,v West Indies,Port of Spain,6 Jun 1997,,away
98,Sri Lanka,248/7,50.0,4.96,1,won,,v Zimbabwe,Harare,15 Dec 1999,,away
99,Sri Lanka,248/9,50.0,4.96,1,n/r,,v England,Bristol,26 Jun 2016,,away
100,Sri Lanka,247/4,50.0,4.94,1,lost,,v South Africa,Paarl,9 Jan 2001,,away
101,Sri Lanka,246/7,49.4,4.95,2,won,,v Australia,Melbourne,16 Jan 1996,,away
102,Sri Lanka,246/7,50.0,4.92,1,won,,v Zimbabwe,Harare,29 Apr 2004,,away
103,Sri Lanka,246/4,47.3,5.17,2,won,,v Bangladesh,Dhaka,22 Feb 2014,,away
104,Sri Lanka,244/9,50.0,4.88,1,lost,,v India,Vadodara,12 Nov 2005,,away
105,Sri Lanka,243/9,44.2,5.48,2,won,,v Australia,Melbourne,3 Nov 2010,,away
106,Sri Lanka,242/7,55.0,4.4,1,lost,,v England,The Oval,4 Sep 1988,,away
107,Sri Lanka,242,48.2,5.0,1,lost,,v India,Hyderabad (Deccan),9 Nov 2014,,away
108,Sri Lanka,241/9,50.0,4.82,1,won,,v Pakistan,Lahore,19 Feb 2000,,away
109,Sri Lanka,240/6,50.0,4.8,1,lost,,v Australia,Sydney,23 Jan 1985,,away
110,Sri Lanka,240/7,32.0,7.5,1,lost,,v England,Leeds,2 Jul 2002,,away
111,Sri Lanka,239/7,49.0,4.87,1,lost,,v Australia,Sydney,8 Jan 1985,,away
112,Sri Lanka,239,44.2,5.39,1,lost,,v India,Cuttack,21 Dec 2009,,away
113,Sri Lanka,238/8,50.0,4.76,2,lost,,v India,Rajkot,15 Feb 1994,,away
114,Sri Lanka,238,47.5,4.97,2,lost,,v New Zealand,Christchurch,26 Mar 1995,,away
115,Sri Lanka,238,50.0,4.76,1,won,,v Australia,Melbourne,2 Mar 2012,,away
116,Sri Lanka,236,47.5,4.93,1,lost,,v Zimbabwe,Harare,7 Jun 2010,,away
117,Sri Lanka,236/6,50.0,4.72,1,lost,,v South Africa,East London,14 Jan 2012,,away
118,Sri Lanka,235,45.5,5.12,2,lost,,v India,Pune,30 Mar 1999,,away
119,Sri Lanka,235/7,50.0,4.7,1,lost,,v West Indies,Port of Spain,10 Apr 2008,,away
120,Sri Lanka,233/8,50.0,4.66,1,lost,,v India,Bengaluru,26 Sep 1982,,away
121,Sri Lanka,233/5,50.0,4.66,1,lost,,v Pakistan,Gujranwala,29 Sep 1995,,away
122,Sri Lanka,233/8,50.0,4.66,1,lost,,v Australia,Perth,29 Jan 2006,,away
123,Sri Lanka,233,46.1,5.04,2,lost,,v New Zealand,Christchurch,14 Feb 2015,,away
124,Sri Lanka,232/4,46.4,4.97,2,won,,v South Africa,Port Elizabeth,13 Apr 1998,,away
125,Sri Lanka,232/9,50.0,4.64,1,lost,,v Pakistan,Karachi,6 Oct 2004,,away
126,Sri Lanka,232,49.5,4.65,1,lost,,v Bangladesh,Dhaka,20 Mar 2012,,away
127,Sri Lanka,231,47.0,4.91,1,lost,,v South Africa,Johannesburg,3 Mar 2019,,away
128,Sri Lanka,230/6,49.2,4.66,2,won,,v Australia,Melbourne,19 Jan 1985,,away
129,Sri Lanka,230/8,50.0,4.6,1,lost,,v India,Margao,14 Feb 2007,,away
130,Sri Lanka,229/5,40.5,5.6,2,won,,v India,Mumbai,17 May 1997,,away
131,Sri Lanka,229/5,48.2,4.73,2,won,,v India,Margao,28 Dec 1997,,away
132,Sri Lanka,229,46.3,4.92,2,lost,,v Australia,Perth,31 Jan 1999,,away
133,Sri Lanka,229,49.4,4.61,1,won,,v England,Manchester,7 Jul 2002,,away
134,Sri Lanka,228/7,38.0,6.0,1,lost,,v Pakistan,Lahore,25 Oct 1985,,away
135,Sri Lanka,228/8,50.0,4.56,1,lost,,v South Africa,Bloemfontein,6 Dec 2002,,away
136,Sri Lanka,227/4,33.0,6.87,2,won,,v Pakistan,Lahore,29 Mar 1982,,away
137,Sri Lanka,227/8,49.0,4.63,1,lost,,v India,Pune,5 Dec 1990,,away
138,Sri Lanka,226/7,45.0,5.02,2,lost,,v India,Nagpur,1 Dec 1990,,away
139,Sri Lanka,226/7,50.0,4.52,1,lost,,v India,Hyderabad (Deccan),18 Feb 1994,,away
140,Sri Lanka,226/8,50.0,4.52,1,won,,v South Africa,Bloemfontein,15 Dec 1994,,away
141,Sri Lanka,226,49.5,4.53,2,lost,,v Australia,Perth,10 Feb 2012,,away
142,Sri Lanka,225,49.3,4.54,1,lost,,v South Africa,Cape Town,16 Mar 2019,,away
143,Sri Lanka,224/7,50.0,4.48,1,lost,,v New Zealand,Queenstown,31 Dec 2006,,away
144,Sri Lanka,223/9,50.0,4.46,1,won,,v Zimbabwe,Harare,27 Apr 2004,,away
145,Sri Lanka,222/4,48.2,4.59,2,won,,v England,Birmingham,3 Jun 2014,,away
146,Sri Lanka,221,49.4,4.44,2,lost,,v India,Ahmedabad,22 Oct 1989,,away
147,Sri Lanka,221,49.5,4.43,1,lost,,v South Africa,Port Elizabeth,15 Dec 2000,,away
148,Sri Lanka,221,50.0,4.42,1,won,,v Australia,Melbourne,29 Feb 2008,,away
149,Sri Lanka,221,50.0,4.42,1,won,,v Bangladesh,Dhaka,27 Jan 2018,,away
150,Sri Lanka,219,45.2,4.83,1,lost,,v Pakistan,Karachi,20 Jan 2009,,away
151,Sri Lanka,219/8,41.0,5.34,1,won,,v West Indies,Port of Spain,7 Jul 2013,,away
152,Sri Lanka,219/8,50.0,4.38,1,won,,v Ireland,Dublin,6 May 2014,,away
153,Sri Lanka,218,38.3,5.66,1,lost,,v Pakistan,Karachi,31 Mar 1982,,away
154,Sri Lanka,218/8,50.0,4.36,1,lost,,v Australia,Adelaide,26 Jan 2006,,away
155,Sri Lanka,218/9,50.0,4.36,1,lost,,v New Zealand,Christchurch,11 Jan 2015,,away
156,Sri Lanka,215,48.5,4.4,2,lost,,v Australia,Adelaide,8 Mar 2012,,away
157,Sri Lanka,215,48.3,4.43,2,lost,,v Australia,Hobart,23 Jan 2013,,away
158,Sri Lanka,215,44.5,4.79,1,lost,,v India,Visakhapatnam,17 Dec 2017,,away
159,Sri Lanka,214,49.2,4.33,1,won,,v India,Cuttack,28 Dec 1990,,away
160,Sri Lanka,214/7,47.3,4.5,2,won,,v Australia,Melbourne,9 Jan 1996,,away
161,Sri Lanka,214/6,42.0,5.09,1,won,,v South Africa,Johannesburg,17 Jan 2001,,away
162,Sri Lanka,214/8,50.0,4.28,1,lost,,v Australia,Melbourne,21 Jan 2003,,away
163,Sri Lanka,213,50.0,4.26,1,won,,v Zimbabwe,Bulawayo,12 Dec 1999,,away
164,Sri Lanka,213/8,50.0,4.26,1,won,,v New Zealand,Napier,31 Jan 2001,,away
165,Sri Lanka,213/3,41.1,5.17,1,won,,v Australia,Sydney,5 Nov 2010,,away
166,Sri Lanka,212,49.0,4.32,1,lost,,v Bangladesh,Bogra,22 Feb 2006,,away
167,Sri Lanka,211,49.3,4.26,2,lost,,v England,Lord's,16 Aug 1998,,away
168,Sri Lanka,211/7,49.3,4.26,2,won,,v Australia,Hobart,21 Jan 1999,,away
169,Sri Lanka,211/9,50.0,4.22,1,lost,,v Australia,Brisbane,15 Jan 2003,,away
170,Sri Lanka,209/7,40.0,5.22,2,lost,,v Pakistan,Gujranwala,23 Oct 1985,,away
171,Sri Lanka,209,46.3,4.49,2,lost,,v South Africa,Johannesburg,5 Apr 1998,,away
172,Sri Lanka,209/7,48.3,4.3,2,won,,v New Zealand,Wellington,3 Feb 2001,,away
173,Sri Lanka,208/6,44.0,4.72,1,lost,,v India,Delhi,13 Jan 1987,,away
174,Sri Lanka,208/8,50.0,4.16,2,lost,,v Australia,Adelaide,10 Jan 1988,,away
175,Sri Lanka,208,48.3,4.28,1,lost,,v West Indies,Kingston,28 Jun 2013,,away
176,Sri Lanka,208/7,49.0,4.24,2,won,,v Bangladesh,Dhaka,6 Mar 2014,,away
177,Sri Lanka,207,38.0,5.44,2,lost,,v India,Nagpur,22 Mar 1999,,away
178,Sri Lanka,207/6,50.0,4.14,2,lost,,v South Africa,East London,17 Dec 2000,,away
179,Sri Lanka,206/6,39.4,5.19,2,won,,v Pakistan,Multan,17 Jan 1992,,away
180,Sri Lanka,206/9,50.0,4.12,1,lost,,v New Zealand,Hamilton,25 Feb 1992,,away
181,Sri Lanka,206,49.2,4.17,1,lost,,v South Africa,Bloemfontein,14 Jan 2001,,away
182,Sri Lanka,205,44.5,4.57,2,lost,,v Australia,Melbourne,14 Jan 1988,,away
183,Sri Lanka,204/9,45.0,4.53,1,lost,,v India,Kolkata,4 Jan 1991,,away
184,Sri Lanka,204,48.4,4.19,1,lost,,v England,Lord's,14 May 1999,,away
185,Sri Lanka,203/9,48.0,4.22,1,lost,,v Australia,Perth,30 Dec 1989,,away
186,Sri Lanka,203,49.4,4.08,1,lost,,v India,Kanpur,7 Nov 1993,,away
187,Sri Lanka,203,46.4,4.35,2,lost,,v New Zealand,Wellington,6 Jan 2006,,away
188,Sri Lanka,203/1,34.4,5.85,2,won,,v Zimbabwe,Harare,9 Jun 2010,,away
189,Sri Lanka,202/4,35.5,5.63,2,won,,v New Zealand,Christchurch,25 Mar 1997,,away
190,Sri Lanka,202,48.2,4.17,1,lost,,v Zimbabwe,Harare,19 Dec 1999,,away
191,Sri Lanka,202/7,50.0,4.04,2,lost,,v Australia,Melbourne (Docklands),13 Jan 2006,,away
192,Sri Lanka,202,42.4,4.73,2,lost,,v England,Cardiff,2 Jul 2016,,away
193,Sri Lanka,201,44.4,4.5,2,lost,,v New Zealand,Auckland,28 Jan 1991,,away
194,Sri Lanka,201,48.4,4.13,1,won,,v West Indies,Bridgetown,7 Jun 2003,,away
195,Sri Lanka,201,36.0,5.58,2,lost,,v Australia,Sydney,12 Feb 2006,,away
196,Sri Lanka,198,47.2,4.18,2,lost,,v Australia,Melbourne,26 Dec 1989,,away
197,Sri Lanka,198,35.4,5.55,2,lost,,v India,Nagpur,25 Oct 2005,,away
198,Sri Lanka,198,40.0,4.95,2,lost,,v Australia,Melbourne,11 Jan 2013,,away
199,Sri Lanka,196,42.5,4.57,1,lost,,v India,Rajkot,9 Nov 2005,,away
0,Sri Lanka,195/8,46.0,4.23,1,won,,v India,Kanpur,24 Dec 1986,,away
1,Sri Lanka,195,40.3,4.81,2,lost,,v New Zealand,Dunedin,25 Jan 2015,,away
2,Sri Lanka,194,39.2,4.93,2,lost,,v India,Cuttack,2 Nov 2014,,away
3,Sri Lanka,191/8,46.0,4.15,2,lost,,v India,Amritsar,12 Sep 1982,,away
4,Sri Lanka,191,42.2,4.51,2,lost,,v South Africa,Cape Town,11 Jan 2001,,away
5,Sri Lanka,191,50.0,3.82,1,lost,,v West Indies,Kingstown,11 Jun 2003,,away
6,Sri Lanka,190/3,30.4,6.19,2,won,,v Kenya,Nairobi (Gym),28 Sep 1996,,away
7,Sri Lanka,190,41.4,4.56,2,lost,,v Australia,Adelaide,24 Jan 1999,,away
8,Sri Lanka,189/9,50.0,3.78,1,lost,,v Australia,Adelaide,7 Mar 1992,,away
9,Sri Lanka,189,39.2,4.80,1,lost,,v South Africa,Port Elizabeth,13 Mar 2019,,away
10,Sri Lanka,188/6,50.0,3.76,2,lost,,v New Zealand,Auckland,20 Mar 1983,,away
11,Sri Lanka,188/9,50.0,3.76,1,lost,,v Australia,Sydney,19 Jan 1988,,away
12,Sri Lanka,188,47.0,4.00,1,lost,,v New Zealand,Christchurch,26 Dec 2015,,away
13,Sri Lanka,186,37.5,4.91,2,lost,,v South Africa,Durban,1 Feb 2017,,away
14,Sri Lanka,184/8,50.0,3.68,2,lost,,v Pakistan,Faisalabad,25 Oct 1987,,away
15,Sri Lanka,184/6,37.4,4.88,2,won,,v Pakistan,Rawalpindi,3 Oct 1995,,away
16,Sri Lanka,184,47.3,3.87,1,lost,,v South Africa,Kimberley,4 Dec 2002,,away
17,Sri Lanka,183/9,50.0,3.66,2,lost,,v Australia,Perth,12 Jan 1996,,away
18,Sri Lanka,183,48.1,3.79,2,lost,,v Australia,Melbourne,18 Jan 1996,,away
19,Sri Lanka,182/9,40.0,4.55,2,lost,,v Pakistan,Hyderabad (Sind),15 Jan 1992,,away
20,Sri Lanka,182/1,29.5,6.10,2,won,,v New Zealand,Auckland,6 Feb 2001,,away
21,Sri Lanka,181,36.1,5.00,2,lost,,v Pakistan,Karachi,13 Jan 1992,,away
22,Sri Lanka,181,48.3,3.73,1,lost,,v South Africa,Port Elizabeth,28 Jan 2017,,away
23,Sri Lanka,180,40.0,4.50,1,won,,v Bangladesh,Dhaka,17 Feb 2014,,away
24,Sri Lanka,178/1,30.4,5.80,2,won,,v Bangladesh,Dhaka,29 May 2000,,away
25,Sri Lanka,177/8,50.0,3.54,1,lost,,v New Zealand,Napier,26 Jan 1991,,away
26,Sri Lanka,174,43.4,3.98,1,lost,,v England,Nottingham,6 Jul 2011,,away
27,Sri Lanka,173,45.3,3.80,2,lost,,v Australia,Perth,15 Feb 2008,,away
28,Sri Lanka,172/9,45.0,3.82,1,lost,,v India,Guwahati,22 Dec 1997,,away
29,Sri Lanka,172/2,40.1,4.28,2,won,,v Australia,Adelaide,13 Jan 2013,,away
30,Sri Lanka,171/3,33.0,5.18,1,lost,,v Pakistan,Karachi,12 Mar 1982,,away
31,Sri Lanka,171,44.3,3.84,1,lost,,v Australia,Perth,3 Feb 1985,,away
32,Sri Lanka,171/7,28.0,6.10,1,won,,v Zimbabwe,Harare,24 Nov 2008,,away
33,Sri Lanka,168,44.2,3.78,2,lost,,v Australia,Perth,2 Jan 1988,,away
34,Sri Lanka,167/8,50.0,3.34,1,lost,,v New Zealand,Napier,19 Mar 1983,,away
35,Sri Lanka,166/4,37.3,4.42,2,won,,v Zimbabwe,Bulawayo,27 Nov 2016,,away
36,Sri Lanka,165,33.1,4.97,2,lost,,v New Zealand,Dunedin,6 Feb 1991,,away
37,Sri Lanka,164,47.2,3.46,1,lost,,v New Zealand,Queenstown,31 Dec 2005,,away
38,Sri Lanka,163,43.0,3.79,2,lost,,v Australia,Perth,22 Dec 2002,,away
39,Sri Lanka,163,39.2,4.14,1,lost,,v South Africa,Johannesburg,4 Feb 2017,,away
40,Sri Lanka,159/8,25.0,6.36,2,lost,,v Australia,Sydney,20 Jan 1996,,away
41,Sri Lanka,158,40.4,3.88,1,lost,,v Australia,Adelaide,18 Feb 1990,,away
42,Sri Lanka,157,45.0,3.48,2,lost,,v Kenya,Nairobi (Gym),24 Feb 2003,,away
43,Sri Lanka,157,32.2,4.85,2,lost,,v Bangladesh,Dhaka,19 Jan 2018,,away
44,Sri Lanka,155/6,40.0,3.87,1,lost,,v Pakistan,Sargodha,10 Jan 1992,,away
45,Sri Lanka,155/5,31.0,5.00,2,won,,v New Zealand,Hamilton,8 Feb 2001,,away
46,Sri Lanka,155/2,24.3,6.32,2,won,,v Zimbabwe,Harare,14 Nov 2016,,away
47,Sri Lanka,154,38.4,3.98,2,lost,,v Pakistan,Rawalpindi,19 Jan 1992,,away
48,Sri Lanka,153/8,48.1,3.17,2,won,,v Bangladesh,Dhaka,16 Jan 2009,,away
49,Sri Lanka,152,48.5,3.11,1,won,,v Zimbabwe,Harare,30 Nov 2008,,away
50,Sri Lanka,152/2,24.1,6.28,2,won,,v Australia,Sydney,17 Feb 2012,,away
51,Sri Lanka,150/8,47.3,3.15,2,won,,v Zimbabwe,Harare,28 Nov 2008,,away
52,Sri Lanka,147,30.3,4.81,1,lost,,v Bangladesh,Dhaka,14 Jan 2009,,away
53,Sri Lanka,145,39.2,3.68,1,lost,,v Pakistan,Peshawar,13 Oct 1985,,away
54,Sri Lanka,145/8,46.0,3.15,1,lost,,v India,Guwahati,11 Jan 1987,,away
55,Sri Lanka,144/4,27.0,5.33,2,won,,v Zimbabwe,Bulawayo,20 Apr 2004,,away
56,Sri Lanka,144,27.5,5.17,2,lost,,v England,The Oval,22 May 2014,,away
57,Sri Lanka,141,36.3,3.86,2,lost,,v India,Vadodara,15 Jan 1987,,away
58,Sri Lanka,141/6,32.5,4.29,2,won,,v India,Jalandhar,20 Feb 1994,,away
59,Sri Lanka,141,42.0,3.35,1,lost,,v New Zealand,Auckland,26 Dec 2004,,away
60,Sri Lanka,140,33.2,4.20,2,lost,,v South Africa,Centurion,29 Nov 2002,,away
61,Sri Lanka,139/6,34.0,4.08,2,lost,,v South Africa,Port Elizabeth,21 Dec 1994,,away
62,Sri Lanka,139/1,20.5,6.67,2,won,,v Zimbabwe,Bulawayo,22 Apr 2004,,away
63,Sri Lanka,138,32.2,4.26,2,lost,,v South Africa,Centurion,6 Mar 2019,,away
64,Sri Lanka,137/3,32.5,4.17,2,won,,v India,Margao,8 Dec 1990,,away
65,Sri Lanka,136,50.4,2.68,1,lost,,v England,Leeds,20 Jun 1983,,away
66,Sri Lanka,132,37.2,3.53,2,lost,,v New Zealand,Wellington,27 Mar 1997,,away
67,Sri Lanka,130/4,33.2,3.90,2,won,,v Zimbabwe,Harare,20 Nov 2008,,away
68,Sri Lanka,129,41.0,3.14,2,lost,,v Australia,Melbourne,4 Jan 1990,,away
69,Sri Lanka,128,46.4,2.74,1,lost,,v South Africa,Johannesburg,27 Nov 2002,,away
70,Sri Lanka,127,37.2,3.40,2,lost,,v Pakistan,Hyderabad (Sind),3 Nov 1985,,away
71,Sri Lanka,125,31.3,3.96,2,lost,,v Australia,Sydney,8 Feb 2008,,away
72,Sri Lanka,122,35.4,3.42,1,lost,,v India,Mohali,28 Oct 2005,,away
73,Sri Lanka,121,27.0,4.48,2,lost,,v England,The Oval,28 Jun 2011,,away
74,Sri Lanka,121/5,24.0,5.04,2,lost,,v South Africa,Durban,10 Mar 2019,,away
75,Sri Lanka,120/1,30.5,3.89,2,won,,v Bangladesh,Dhaka,2 Nov 1988,,away
76,Sri Lanka,119/5,24.1,4.92,2,won,,v Bangladesh,Bogra,20 Feb 2006,,away
77,Sri Lanka,119/1,15.2,7.76,2,won,,v Zimbabwe,Bulawayo,1 Jun 2010,,away
78,Sri Lanka,118/9,50.0,2.36,2,lost,,v New Zealand,Dunedin,2 Mar 1983,,away
79,Sri Lanka,117/6,31.0,3.77,2,lost,,v New Zealand,Hamilton,29 Mar 1995,,away
80,Sri Lanka,117,27.4,4.22,1,lost,,v New Zealand,Christchurch,28 Dec 2015,,away
81,Sri Lanka,115,32.0,3.59,1,lost,,v Australia,Brisbane,7 Nov 2010,,away
82,Sri Lanka,114/3,20.4,5.51,2,won,,v India,Dharamsala,10 Dec 2017,,away
83,Sri Lanka,112,35.2,3.16,1,lost,,v New Zealand,Christchurch,2 Jan 2007,,away
84,Sri Lanka,112/5,30.3,3.67,1,lost,,v West Indies,Port of Spain,12 Apr 2008,,away
85,Sri Lanka,105,36.0,2.91,1,lost,,v South Africa,Bloemfontein,19 Apr 1998,,away
86,Sri Lanka,102/3,18.2,5.56,1,n/r,,v India,Kolkata,8 Feb 2007,,away
87,Sri Lanka,95/5,24.0,3.95,2,lost,,v England,Southampton,17 Sep 2004,,away
88,Sri Lanka,91,35.5,2.53,2,lost,,v Australia,Adelaide,28 Jan 1985,,away
89,Sri Lanka,83/5,23.3,3.53,1,n/r,,v India,Delhi,27 Dec 2009,,away
90,Sri Lanka,83/0,11.5,7.01,2,won,,v Bangladesh,Dhaka,25 Jan 2018,,away
91,Sri Lanka,77/4,29.3,2.61,2,lost,,v Australia,Melbourne,22 Feb 2008,,away
92,Sri Lanka,75/6,20.0,3.75,2,won,,v Australia,Brisbane,18 Jan 2013,,away
93,Sri Lanka,68/1,17.4,3.84,2,won,,v Zimbabwe,Harare,22 Nov 2008,,away
94,Sri Lanka,67,24.0,2.79,1,lost,,v England,Manchester,28 May 2014,,away
95,Sri Lanka,43,20.1,2.13,2,lost,,v South Africa,Paarl,11 Jan 2012,,away
96,Sri Lanka,40/1,9.2,4.28,2,won,,v Zimbabwe,Harare,25 Apr 2004,,away
97,Sri Lanka,17/1,3.0,5.66,1,n/r,,v India,Indore,25 Dec 1997,,away
98,Sri Lanka,14/0,3.2,4.20,2,n/r,,v Australia,Sydney,20 Jan 2013,,away
99,Sri Lanka,DNB,0.0,-,0,n/r,,v New Zealand,Hamilton,9 Jan 2007,,away
100,Sri Lanka,DNB,0.0,-,0,n/r,,v New Zealand,Auckland,17 Jan 2015,,away
101,Sri Lanka,DNB,0.0,-,0,n/r,,v New Zealand,Nelson,2 Jan 2016,,away
102,Sri Lanka,DNB,0.0,-,0,n/r,,v Zimbabwe,Bulawayo,21 Nov 2016,,away
0,Sri Lanka,363/9,50.0,7.26,1,won,,v Scotland,Hobart,11 Mar 2015,,neutral
1,Sri Lanka,357/9,50.0,7.14,1,won,,v Bangladesh,Lahore,25 Jun 2008,,neutral
2,Sri Lanka,349/9,50.0,6.98,1,won,,v Pakistan,Singapore,2 Apr 1996,,neutral
3,Sri Lanka,348/1,50.0,6.96,1,won,,v India,Kingston,2 Jul 2013,,neutral
4,Sri Lanka,339/4,50.0,6.78,1,won,,v Pakistan,Mohali,24 May 1997,,neutral
5,Sri Lanka,332/8,50.0,6.64,1,won,,v Bangladesh,Karachi,30 Jun 2008,,neutral
6,Sri Lanka,332/1,50.0,6.64,1,won,,v Bangladesh,Melbourne,26 Feb 2015,,neutral
7,Sri Lanka,330/7,50.0,6.6,1,won,,v West Indies,Bulawayo,23 Nov 2016,,neutral
8,Sri Lanka,329,49.3,6.64,2,lost,,v West Indies,Sharjah,16 Oct 1995,,neutral
9,Sri Lanka,322/3,48.4,6.61,2,won,,v India,The Oval,8 Jun 2017,,neutral
10,Sri Lanka,321/6,50.0,6.42,1,won,,v Bermuda,Port of Spain,15 Mar 2007,,neutral
11,Sri Lanka,320/4,50.0,6.4,1,lost,,v India,Hobart,28 Feb 2012,,neutral
12,Sri Lanka,318/4,50.0,6.36,1,won,,v Bangladesh,Port of Spain,21 Mar 2007,,neutral
13,Sri Lanka,313/7,49.2,6.34,2,won,,v Zimbabwe,New Plymouth,23 Feb 1992,,neutral
14,Sri Lanka,312/1,47.2,6.59,2,won,,v England,Wellington,1 Mar 2015,,neutral
15,Sri Lanka,311,49.4,6.26,2,lost,,v Pakistan,Sharjah,18 Dec 2013,,neutral
16,Sri Lanka,309,49.4,6.22,1,won,,v Pakistan,Kolkata,27 May 1997,,neutral
17,Sri Lanka,308/8,50.0,6.16,1,lost,,v India,Karachi,3 Jul 2008,,neutral
18,Sri Lanka,303/9,49.4,6.1,2,won,,v England,Adelaide,23 Jan 1999,,neutral
19,Sri Lanka,302/8,50.0,6.04,1,won,,v Bangladesh,Mohali,7 Oct 2006,,neutral
20,Sri Lanka,299/5,50.0,5.98,1,won,,v India,Sharjah,29 Oct 2000,,neutral
21,Sri Lanka,297/7,50.0,5.94,1,won,,v Pakistan,Sharjah,20 Apr 2001,,neutral
22,Sri Lanka,296/9,50.0,5.92,1,won,,v Pakistan,Abu Dhabi,22 May 2007,,neutral
23,Sri Lanka,296/6,50.0,5.92,1,won,,v Pakistan,Fatullah,25 Feb 2014,,neutral
24,Sri Lanka,295/7,50.0,5.9,1,lost,,v Pakistan,Kimberley,7 Apr 1998,,neutral
25,Sri Lanka,294/5,50.0,5.88,1,won,,v India,Sharjah,27 Oct 2000,,neutral
26,Sri Lanka,290/9,50.0,5.8,1,won,,v U.A.E.,Lahore,26 Jun 2008,,neutral
27,Sri Lanka,289,49.5,5.79,2,lost,,v Pakistan,Nairobi (Gym),4 Oct 1996,,neutral
28,Sri Lanka,289/5,50.0,5.78,1,won,,v New Zealand,Kingston,24 Apr 2007,,neutral
29,Sri Lanka,289/6,50.0,5.78,1,won,,v India,Brisbane,21 Feb 2012,,neutral
30,Sri Lanka,288/9,60.0,4.8,2,lost,,v Pakistan,Swansea,9 Jun 1983,,neutral
31,Sri Lanka,288/8,50.0,5.76,2,lost,,v Pakistan,Adelaide,17 Feb 1990,,neutral
32,Sri Lanka,288/4,50.0,5.76,1,n/r,,v New Zealand,Bloemfontein,8 Dec 1994,,neutral
33,Sri Lanka,288,49.4,5.79,1,won,,v Pakistan,Benoni,15 Apr 1998,,neutral
34,Sri Lanka,287/6,50.0,5.74,1,won,,v West Indies,Nairobi (Gym),4 Oct 2000,,neutral
35,Sri Lanka,287/8,49.4,5.77,2,won,,v Pakistan,Dubai (DSC),20 Dec 2013,,neutral
36,Sri Lanka,285/7,50.0,5.7,1,won,,v Zimbabwe,Ahmedabad,10 Oct 2006,,neutral
37,Sri Lanka,284/7,50.0,5.68,1,won,,v England,Sydney,13 Jan 2003,,neutral
38,Sri Lanka,283/5,48.0,5.89,2,won,,v India,Dhaka,5 Jan 2010,,neutral
39,Sri Lanka,282/6,50.0,5.64,1,won,,v South Africa,Brisbane,17 Jan 2006,,neutral
40,Sri Lanka,278,48.1,5.77,2,lost,,v Zimbabwe,Dhaka,17 Jan 2018,,neutral
41,Sri Lanka,277,46.4,5.93,2,lost,,v New Zealand,Johannesburg,27 Sep 2009,,neutral
42,Sri Lanka,276/4,60.0,4.6,2,lost,,v Australia,The Oval,11 Jun 1975,,neutral
43,Sri Lanka,276/8,50.0,5.52,1,won,,v India,Dhaka,1 Jun 2000,,neutral
44,Sri Lanka,276/9,50.0,5.52,1,won,,v Zimbabwe,Sharjah,25 Oct 2000,,neutral
45,Sri Lanka,275/8,50.0,5.5,1,won,,v Kenya,Southampton,30 May 1999,,neutral
46,Sri Lanka,273,49.5,5.47,1,won,,v West Indies,Sharjah,20 Oct 1995,,neutral
47,Sri Lanka,273,49.5,5.47,1,won,,v India,Karachi,6 Jul 2008,,neutral
48,Sri Lanka,272/9,50.0,5.44,1,lost,,v Pakistan,Sharjah,2 Nov 2001,,neutral
49,Sri Lanka,272/7,50.0,5.44,1,won,,v New Zealand,Bloemfontein,10 Feb 2003,,neutral
50,Sri Lanka,271/6,45.0,6.02,1,won,,v India,Dhaka,29 Oct 1988,,neutral
51,Sri Lanka,270/6,50.0,5.4,1,lost,,v Pakistan,Sharjah,2 Nov 1993,,neutral
52,Sri Lanka,270/4,48.2,5.58,2,won,,v India,Harare,5 Jun 2010,,neutral
53,Sri Lanka,269/9,50.0,5.38,1,won,,v New Zealand,Sharjah,10 Apr 2001,,neutral
54,Sri Lanka,267/7,50.0,5.34,1,won,,v South Africa,Tangier,15 Aug 2002,,neutral
55,Sri Lanka,266/5,43.0,6.18,1,won,,v Zimbabwe,Sharjah,3 Feb 1993,,neutral
56,Sri Lanka,265/9,50.0,5.3,1,won,,v New Zealand,Mumbai,18 Mar 2011,,neutral
57,Sri Lanka,265/8,49.2,5.37,2,won,,v India,Fatullah,28 Feb 2014,,neutral
58,Sri Lanka,263/6,50.0,5.26,1,won,,v Zimbabwe,Patna,15 Nov 1993,,neutral
59,Sri Lanka,261/5,46.2,5.63,2,won,,v Pakistan,Dhaka,8 Mar 2014,,neutral
60,Sri Lanka,260,49.2,5.27,2,lost,,v England,Adelaide,17 Jan 2003,,neutral
61,Sri Lanka,259,49.5,5.19,2,lost,,v Pakistan,Gwalior,12 May 1997,,neutral
62,Sri Lanka,258,47.5,5.39,1,won,,v South Africa,Nottingham,14 Aug 1998,,neutral
63,Sri Lanka,257/5,47.1,5.44,2,won,,v New Zealand,East London,18 Dec 1994,,neutral
64,Sri Lanka,257/9,50.0,5.14,1,won,,v South Africa,Hobart,7 Feb 2006,,neutral
65,Sri Lanka,256/6,50.0,5.12,1,won,,v Zimbabwe,Sharjah,26 Oct 2001,,neutral
66,Sri Lanka,256/5,50.0,5.12,1,won,,v Zimbabwe,East London,15 Mar 2003,,neutral
67,Sri Lanka,256/5,50.0,5.12,1,won,,v Kenya,Sharjah,6 Apr 2003,,neutral
68,Sri Lanka,254/8,50.0,5.08,2,lost,,v South Africa,Adelaide,24 Jan 2006,,neutral
69,Sri Lanka,254/6,50.0,5.08,1,won,,v India,Port of Spain,23 Mar 2007,,neutral
70,Sri Lanka,254,45.1,5.62,2,lost,,v India,Dhaka,13 Mar 2012,,neutral
71,Sri Lanka,253/5,50.0,5.06,1,lost,,v Pakistan,Brisbane,10 Feb 1990,,neutral
72,Sri Lanka,253/8,50.0,5.06,1,won,,v Pakistan,Visakhapatnam,27 Mar 1999,,neutral
73,Sri Lanka,253,49.2,5.12,1,lost,,v Pakistan,Jaipur,17 Oct 2006,,neutral
74,Sri Lanka,253/8,50.0,5.06,1,won,,v Australia,The Oval,17 Jun 2013,,neutral
75,Sri Lanka,253/6,50.0,5.06,1,won,,v Afghanistan,Dhaka,3 Mar 2014,,neutral
76,Sri Lanka,251/7,50.0,5.02,1,won,,v Pakistan,Sharjah,7 Apr 1997,,neutral
77,Sri Lanka,251/8,50.0,5.02,2,lost,,v Pakistan,Tangier,14 Aug 2002,,neutral
78,Sri Lanka,250/8,50.0,5.0,2,lost,,v Pakistan,Sharjah,13 Apr 2001,,neutral
79,Sri Lanka,250,49.4,5.03,1,won,,v Zimbabwe,Sharjah,30 Oct 2001,,neutral
80,Sri Lanka,249/4,45.0,5.53,1,won,,v Bangladesh,Kolkata,31 Dec 1990,,neutral
81,Sri Lanka,249/6,50.0,4.98,2,lost,,v England,Brisbane,17 Dec 2002,,neutral
82,Sri Lanka,249/6,48.3,5.13,2,won,,v India,Dhaka,13 Jan 2010,,neutral
83,Sri Lanka,247,45.5,5.38,2,lost,,v Australia,The Oval,15 Jun 2019,,neutral
84,Sri Lanka,245/3,46.2,5.28,2,won,,v Australia,Lahore,17 Mar 1996,,neutral
85,Sri Lanka,245/9,50.0,4.9,2,lost,,v South Africa,Lahore,6 Nov 1997,,neutral
86,Sri Lanka,245/7,50.0,4.9,1,lost,,v India,Sharjah,6 Nov 1998,,neutral
87,Sri Lanka,244/8,50.0,4.88,1,lost,,v Pakistan,Sharjah,24 Mar 1989,,neutral
88,Sri Lanka,243/8,50.0,4.86,1,won,,v Pakistan,Sharjah,4 Apr 1997,,neutral
89,Sri Lanka,243/9,50.0,4.86,1,won,,v New Zealand,Sharjah,14 Apr 2002,,neutral
90,Sri Lanka,242/7,49.2,4.9,2,won,,v India,Sharjah,25 Apr 1990,,neutral
91,Sri Lanka,242/9,50.0,4.84,1,won,,v Pakistan,Sharjah,8 Apr 2002,,neutral
92,Sri Lanka,242,49.5,4.85,1,won,,v Pakistan,Tangier,17 Aug 2002,,neutral
93,Sri Lanka,242,49.5,4.85,1,lost,,v India,Bulawayo,30 May 2010,,neutral
94,Sri Lanka,241,49.5,4.83,1,lost,,v New Zealand,Adelaide,9 Jan 1988,,neutral
95,Sri Lanka,241,44.1,5.45,2,lost,,v India,Bristol,11 Jul 2002,,neutral
96,Sri Lanka,240/3,39.4,6.05,2,won,,v West Indies,Lahore,1 Nov 1997,,neutral
97,Sri Lanka,239,48.3,4.92,2,lost,,v Pakistan,Sharjah,8 Apr 2001,,neutral
98,Sri Lanka,239/6,50.0,4.78,1,won,,v Pakistan,Sharjah,12 Apr 2002,,neutral
99,Sri Lanka,238/5,60.0,3.96,1,won,,v India,Manchester,16 Jun 1979,,neutral
100,Sri Lanka,238/5,50.0,4.76,1,lost,,v Pakistan,Durban,2 Dec 1994,,neutral
101,Sri Lanka,238,45.2,5.25,2,lost,,v Pakistan,Dhaka,7 Jun 2000,,neutral
102,Sri Lanka,238/6,50.0,4.76,1,lost,,v India,Adelaide,19 Feb 2008,,neutral
103,Sri Lanka,237,49.3,4.78,2,lost,,v Pakistan,Jamshedpur,19 Mar 1999,,neutral
104,Sri Lanka,236/5,40.4,5.8,2,won,,v England,Faisalabad,9 Mar 1996,,neutral
105,Sri Lanka,236,48.5,4.83,2,lost,,v Pakistan,Dubai (DSC),18 Nov 2011,,neutral
106,Sri Lanka,236/9,50.0,4.72,1,tied,,v India,Adelaide,14 Feb 2012,,neutral
107,Sri Lanka,236/6,48.2,4.88,2,won,,v Afghanistan,Dunedin,22 Feb 2015,,neutral
108,Sri Lanka,236,49.2,4.78,1,lost,,v Pakistan,Cardiff,12 Jun 2017,,neutral
109,Sri Lanka,235,48.5,4.81,2,lost,,v Zimbabwe,Sharjah,10 Nov 1998,,neutral
110,Sri Lanka,235/7,50.0,4.7,1,won,,v South Africa,Tangier,21 Aug 2002,,neutral
111,Sri Lanka,235,50.0,4.7,1,won,,v England,North Sound,4 Apr 2007,,neutral
112,Sri Lanka,235/9,50.0,4.7,1,lost,,v Pakistan,Abu Dhabi,18 May 2007,,neutral
113,Sri Lanka,235/7,50.0,4.7,1,won,,v Pakistan,Dubai (DSC),14 Nov 2011,,neutral
114,Sri Lanka,235/8,49.4,4.73,2,won,,v Pakistan,Abu Dhabi,27 Dec 2013,,neutral
115,Sri Lanka,234/7,50.0,4.68,1,won,,v West Indies,Sharjah,11 Oct 1995,,neutral
116,Sri Lanka,233/9,50.0,4.66,2,lost,,v Pakistan,Centurion,4 Dec 1994,,neutral
117,Sri Lanka,233,49.4,4.69,1,won,,v Bangladesh,Sharjah,6 Apr 1995,,neutral
118,Sri Lanka,233/8,50.0,4.66,1,lost,,v India,Perth,8 Feb 2012,,neutral
119,Sri Lanka,230/7,50.0,4.6,1,lost,,v India,Sharjah,14 Apr 1995,,neutral
120,Sri Lanka,229/3,47.0,4.87,2,won,,v Zimbabwe,Sharjah,21 Oct 2000,,neutral
121,Sri Lanka,228/6,50.0,4.56,1,won,,v West Indies,Cape Town,28 Feb 2003,,neutral
122,Sri Lanka,227/6,50.0,4.54,2,lost,,v West Indies,Perth,2 Feb 1985,,neutral
123,Sri Lanka,226,49.4,4.55,1,lost,,v Australia,St George's,16 Apr 2007,,neutral
124,Sri Lanka,225/5,43.5,5.13,2,won,,v India,Sharjah,20 Oct 2000,,neutral
125,Sri Lanka,225,48.5,4.6,1,lost,,v Pakistan,Abu Dhabi,25 Dec 2013,,neutral
126,Sri Lanka,224,58.3,3.82,2,lost,,v Pakistan,Leeds,16 Jun 1983,,neutral
127,Sri Lanka,223/7,45.3,4.9,2,won,,v Pakistan,Perth,31 Dec 1989,,neutral
128,Sri Lanka,223,47.4,4.67,2,lost,,v Australia,Centurion,7 Mar 2003,,neutral
129,Sri Lanka,223/6,50.0,4.46,1,lost,,v Pakistan,Sharjah,4 Apr 2003,,neutral
130,Sri Lanka,222/8,50.0,4.44,2,lost,,v West Indies,Mumbai,9 Nov 1993,,neutral
131,Sri Lanka,222/4,45.1,4.91,2,won,,v New Zealand,St George's,12 Apr 2007,,neutral
132,Sri Lanka,221,47.4,4.63,2,lost,,v Pakistan,Sharjah,29 Apr 1990,,neutral
133,Sri Lanka,221/4,42.1,5.24,2,won,,v South Africa,Tangier,19 Aug 2002,,neutral
134,Sri Lanka,221,47.4,4.63,1,lost,,v South Africa,Perth,31 Jan 2006,,neutral
135,Sri Lanka,218/7,50.0,4.36,1,lost,,v England,Pune,30 Oct 1987,,neutral
136,Sri Lanka,218,45.4,4.77,2,lost,,v Australia,Sharjah,2 May 1990,,neutral
137,Sri Lanka,218/9,50.0,4.36,1,lost,,v Pakistan,Abu Dhabi,23 Nov 2011,,neutral
138,Sri Lanka,216,42.3,5.08,2,lost,,v India,Taunton,26 May 1999,,neutral
139,Sri Lanka,215/9,50.0,4.3,2,lost,,v New Zealand,Sharjah,18 Apr 1994,,neutral
140,Sri Lanka,215/6,49.2,4.35,2,won,,v Pakistan,Sharjah,11 Apr 1997,,neutral
141,Sri Lanka,215/8,36.0,5.97,2,lost,,v Australia,Bridgetown,28 Apr 2007,,neutral
142,Sri Lanka,215,39.5,5.39,2,lost,,v Pakistan,Abu Dhabi,20 May 2007,,neutral
143,Sri Lanka,214/9,45.0,4.75,1,lost,,v India,Sharjah,27 Nov 1986,,neutral
144,Sri Lanka,214,48.3,4.41,1,won,,v New Zealand,Hyderabad (Deccan),20 May 1997,,neutral
145,Sri Lanka,213,49.2,4.31,2,lost,,v Pakistan,Lucknow,27 Oct 1989,,neutral
146,Sri Lanka,213,46.1,4.61,1,lost,,v India,Dhaka,10 Jan 2010,,neutral
147,Sri Lanka,213,44.4,4.76,2,lost,,v Pakistan,Sharjah,22 Dec 2013,,neutral
148,Sri Lanka,212/6,50.0,4.24,1,lost,,v Pakistan,Perth,15 Mar 1992,,neutral
149,Sri Lanka,212,47.3,4.46,1,lost,,v England,Johannesburg,25 Sep 2009,,neutral
150,Sri Lanka,211/8,50.0,4.22,2,lost,,v West Indies,Kanpur,21 Oct 1987,,neutral
151,Sri Lanka,210/6,50.0,4.2,1,won,,v Zimbabwe,Dhaka,12 Jan 2009,,neutral
152,Sri Lanka,209/7,50.0,4.18,1,lost,,v South Africa,Lahore,8 Nov 1997,,neutral
153,Sri Lanka,209,49.3,4.22,1,lost,,v South Africa,Providence,28 Mar 2007,,neutral
154,Sri Lanka,209/8,50.0,4.18,2,lost,,v Pakistan,Dubai (DSC),13 Oct 2017,,neutral
155,Sri Lanka,208,48.2,4.3,1,lost,,v Pakistan,Abu Dhabi,18 Oct 2017,,neutral
156,Sri Lanka,207,48.4,4.25,2,lost,,v Pakistan,Sharjah,23 Mar 1989,,neutral
157,Sri Lanka,207/7,50.0,4.14,1,lost,,v England,Brisbane,11 Jan 1999,,neutral
158,Sri Lanka,207,49.1,4.21,2,lost,,v New Zealand,Sharjah,9 Apr 2002,,neutral
159,Sri Lanka,206,56.1,3.66,1,lost,,v New Zealand,Bristol,13 Jun 1983,,neutral
160,Sri Lanka,206/9,50.0,4.12,2,lost,,v New Zealand,Sharjah,31 Mar 1988,,neutral
161,Sri Lanka,206,49.3,4.16,1,won,,v Pakistan,Sharjah,8 Nov 1996,,neutral
162,Sri Lanka,205/9,50.0,4.1,1,lost,,v India,Sharjah,13 Apr 1986,,neutral
163,Sri Lanka,204/6,50.0,4.08,1,lost,,v West Indies,Adelaide,26 Jan 1985,,neutral
164,Sri Lanka,203,41.3,4.89,2,lost,,v South Africa,The Oval,3 Jun 2017,,neutral
165,Sri Lanka,202/5,50.0,4.04,2,lost,,v West Indies,Sydney,17 Jan 1985,,neutral
166,Sri Lanka,202/9,50.0,4.04,1,lost,,v India,Sharjah,9 Apr 1995,,neutral
167,Sri Lanka,202,50.0,4.04,1,won,,v West Indies,Perth,14 Jan 1996,,neutral
168,Sri Lanka,202/8,50.0,4.04,1,lost,,v India,The Oval,30 Jun 2002,,neutral
169,Sri Lanka,202/5,44.5,4.5,2,won,,v Zimbabwe,Dhaka,21 Jan 2018,,neutral
170,Sri Lanka,201,49.2,4.07,2,lost,,v India,Sharjah,25 Mar 1988,,neutral
171,Sri Lanka,201,48.5,4.11,1,lost,,v India,Port of Spain,11 Jul 2013,,neutral
172,Sri Lanka,201,36.5,5.45,1,won,,v Afghanistan,Cardiff,4 Jun 2019,,neutral
173,Sri Lanka,200/6,46.3,4.3,2,won,,v New Zealand,Hobart,12 Jan 1988,,neutral
174,Sri Lanka,199/7,50.0,3.98,2,lost,,v Pakistan,Sharjah,30 Oct 1993,,neutral
175,Sri Lanka,198/7,49.5,3.97,2,won,,v South Africa,Wellington,2 Mar 1992,,neutral
176,Sri Lanka,198/6,46.0,4.3,2,won,,v Zimbabwe,Worcester,22 May 1999,,neutral
177,Sri Lanka,197/7,50.0,3.94,1,lost,,v West Indies,Hobart,10 Jan 1985,,neutral
178,Sri Lanka,196,49.4,3.94,1,lost,,v Zimbabwe,Sharjah,7 Nov 1998,,neutral
179,Sri Lanka,196,49.1,3.98,2,tied,,v Pakistan,Sharjah,15 Oct 1999,,neutral
180,Sri Lanka,195/5,38.5,5.02,2,won,,v Pakistan,Dhaka,27 Oct 1988,,neutral
181,Sri Lanka,195,47.5,4.07,1,lost,,v Pakistan,Hobart,15 Feb 1990,,neutral
182,Sri Lanka,195/6,43.5,4.44,2,won,,v Zimbabwe,The Oval,14 Sep 2004,,neutral
183,Sri Lanka,194,47.1,4.11,2,lost,,v Australia,Margao,25 Oct 1989,,neutral
184,Sri Lanka,194,45.4,4.24,1,lost,,v Pakistan,Nairobi (Gym),8 Oct 2000,,neutral
185,Sri Lanka,193,48.3,3.97,1,lost,,v England,Delhi,15 Oct 1989,,neutral
186,Sri Lanka,193,49.1,3.92,1,lost,,v Zimbabwe,Sharjah,7 Apr 2003,,neutral
187,Sri Lanka,192,49.0,3.91,1,lost,,v Pakistan,Dhaka,5 Jun 2000,,neutral
188,Sri Lanka,191/5,41.3,4.6,2,won,,v New Zealand,Dhaka,26 Oct 1998,,neutral
189,Sri Lanka,190/5,43.3,4.36,2,won,,v Pakistan,Sharjah,6 Apr 1984,,neutral
190,Sri Lanka,189,56.5,3.32,1,lost,,v New Zealand,Nottingham,9 Jun 1979,,neutral
191,Sri Lanka,189,50.0,3.78,1,lost,,v Pakistan,Sharjah,12 Nov 1996,,neutral
192,Sri Lanka,188/6,50.0,3.76,1,lost,,v West Indies,Kolkata,25 Nov 1993,,neutral
193,Sri Lanka,188/3,45.4,4.11,2,won,,v Zimbabwe,Sharjah,3 Apr 1997,,neutral
194,Sri Lanka,188,45.4,4.11,1,lost,,v Pakistan,Dhaka,15 Mar 2012,,neutral
195,Sri Lanka,187,48.1,3.88,2,lost,,v India,Singapore,3 Apr 1996,,neutral
196,Sri Lanka,187,48.2,3.86,1,lost,,v India,Birmingham,6 Jul 2002,,neutral
197,Sri Lanka,187,48.0,3.89,2,lost,,v Pakistan,Abu Dhabi,16 Oct 2017,,neutral
198,Sri Lanka,186,50.0,3.72,1,lost,,v England,Melbourne,19 Jan 1999,,neutral
199,Sri Lanka,184/7,52.5,3.48,2,won,,v New Zealand,Derby,18 Jun 1983,,neutral
0,Sri Lanka,182/9,50.0,3.64,1,lost,,v West Indies,Sharjah,3 Nov 1993,,neutral
1,Sri Lanka,182/8,50.0,3.64,2,lost,,v Pakistan,Sharjah,12 Oct 1995,,neutral
2,Sri Lanka,181/7,44.0,4.11,1,won,,v England,Sydney,3 Feb 1999,,neutral
3,Sri Lanka,181/8,50.0,3.62,1,lost,,v India,Cardiff,20 Jun 2013,,neutral
4,Sri Lanka,180,48.1,3.73,2,lost,,v West Indies,Brisbane,12 Jan 1985,,neutral
5,Sri Lanka,180/6,47.1,3.81,2,won,,v West Indies,Rajkot,19 Oct 1989,,neutral
6,Sri Lanka,180/9,46.0,3.91,1,lost,,v Pakistan,Sharjah,2 Feb 1993,,neutral
7,Sri Lanka,180/5,30.5,5.83,2,won,,v Pakistan,Sharjah,11 Apr 1995,,neutral
8,Sri Lanka,179,47.1,3.79,1,lost,,v India,Hobart,26 Feb 2008,,neutral
9,Sri Lanka,178,49.3,3.59,1,lost,,v West Indies,Sharjah,13 Oct 1999,,neutral
10,Sri Lanka,177/9,50.0,3.54,2,lost,,v West Indies,Berri,13 Mar 1992,,neutral
11,Sri Lanka,177,49.1,3.60,2,lost,,v New Zealand,Sharjah,7 Nov 1996,,neutral
12,Sri Lanka,177/3,38.1,4.63,2,won,,v Pakistan,Sharjah,27 Oct 2001,,neutral
13,Sri Lanka,176,43.2,4.06,1,lost,,v India,Dhaka,4 Nov 1988,,neutral
14,Sri Lanka,174,48.2,3.60,1,lost,,v New Zealand,Sydney,5 Jan 1988,,neutral
15,Sri Lanka,174,44.0,3.95,2,lost,,v England,Ballarat,9 Mar 1992,,neutral
16,Sri Lanka,174,45.2,3.83,2,lost,,v Pakistan,Sharjah,20 Nov 2011,,neutral
17,Sri Lanka,173,44.2,3.90,1,lost,,v Pakistan,Sharjah,4 Nov 2001,,neutral
18,Sri Lanka,173,43.4,3.96,1,lost,,v Pakistan,Sharjah,20 Oct 2017,,neutral
19,Sri Lanka,172,42.4,4.03,2,lost,,v New Zealand,Melbourne,23 Feb 1985,,neutral
20,Sri Lanka,172/4,39.5,4.31,2,won,,v Pakistan,Sharjah,20 Dec 1990,,neutral
21,Sri Lanka,172,48.5,3.52,1,lost,,v West Indies,Sharjah,28 Oct 1993,,neutral
22,Sri Lanka,172,32.5,5.23,2,lost,,v Pakistan,Singapore,7 Apr 1996,,neutral
23,Sri Lanka,170/8,40.4,4.18,2,won,,v South Africa,Nairobi (Club),1 Oct 1996,,neutral
24,Sri Lanka,169/4,50.0,3.38,2,lost,,v West Indies,Karachi,13 Oct 1987,,neutral
25,Sri Lanka,169,48.0,3.52,2,tied,,v New Zealand,Sharjah,11 Nov 1996,,neutral
26,Sri Lanka,169/8,50.0,3.38,2,lost,,v New Zealand,Sharjah,17 Apr 2001,,neutral
27,Sri Lanka,167/7,41.0,4.07,2,lost,,v Pakistan,Sharjah,4 Feb 1993,,neutral
28,Sri Lanka,166/3,36.0,4.61,2,won,,v New Zealand,Mumbai (BS),20 Oct 2006,,neutral
29,Sri Lanka,165,43.1,3.82,2,lost,,v West Indies,Harare,16 Nov 2016,,neutral
30,Sri Lanka,164/7,45.0,3.64,1,lost,,v Pakistan,Sharjah,2 Dec 1986,,neutral
31,Sri Lanka,164/8,39.0,4.20,1,lost,,v New Zealand,Brisbane,16 Jan 1988,,neutral
32,Sri Lanka,163,43.4,3.73,2,lost,,v England,Perth,20 Dec 2002,,neutral
33,Sri Lanka,161/6,45.0,3.57,2,won,,v West Indies,Adelaide,15 Dec 1995,,neutral
34,Sri Lanka,159,42.5,3.71,2,lost,,v New Zealand,Sharjah,29 Mar 1988,,neutral
35,Sri Lanka,158/8,45.0,3.51,2,lost,,v England,Peshawar,17 Oct 1987,,neutral
36,Sri Lanka,158,41.2,3.82,2,lost,,v Afghanistan,Abu Dhabi,17 Sep 2018,,neutral
37,Sri Lanka,154,49.3,3.11,1,lost,,v Australia,Sharjah,14 Apr 1994,,neutral
38,Sri Lanka,154/2,19.0,8.10,2,won,,v India,Canberra,12 Feb 2008,,neutral
39,Sri Lanka,153,46.1,3.31,2,lost,,v Zimbabwe,Sharjah,8 Apr 1997,,neutral
40,Sri Lanka,149/2,26.5,5.55,2,won,,v Pakistan,Sharjah,17 Oct 1995,,neutral
41,Sri Lanka,146/1,28.0,5.21,2,won,,v West Indies,Sharjah,17 Oct 1999,,neutral
42,Sri Lanka,141,39.1,3.60,2,lost,,v South Africa,Ahmedabad,24 Oct 2006,,neutral
43,Sri Lanka,139,34.2,4.04,2,lost,,v Pakistan,Paarl,9 Apr 1998,,neutral
44,Sri Lanka,138,50.1,2.75,2,lost,,v Pakistan,Nottingham,14 Jun 1975,,neutral
45,Sri Lanka,138,37.5,3.64,1,lost,,v New Zealand,Cardiff,9 Jun 2013,,neutral
46,Sri Lanka,136,40.1,3.38,2,lost,,v South Africa,Guwahati,19 Nov 1993,,neutral
47,Sri Lanka,136,29.2,4.63,1,lost,,v New Zealand,Cardiff,1 Jun 2019,,neutral
48,Sri Lanka,135/7,47.0,2.87,1,lost,,v West Indies,Melbourne,27 Feb 1985,,neutral
49,Sri Lanka,133,37.2,3.56,1,lost,,v South Africa,Sydney,18 Mar 2015,,neutral
50,Sri Lanka,132,23.4,5.57,2,lost,,v South Africa,Dhaka,30 Oct 1998,,neutral
51,Sri Lanka,131/9,43.0,3.04,2,lost,,v Pakistan,Sharjah,21 Dec 1990,,neutral
52,Sri Lanka,131,40.3,3.23,1,lost,,v Pakistan,Dubai (DSC),11 Nov 2011,,neutral
53,Sri Lanka,126/0,21.1,5.95,2,won,,v Bangladesh,Pietermaritzburg,14 Feb 2003,,neutral
54,Sri Lanka,124,37.4,3.29,2,lost,,v West Indies,Hobart,3 Jan 1996,,neutral
55,Sri Lanka,124,35.2,3.50,2,lost,,v Bangladesh,Dubai (DSC),15 Sep 2018,,neutral
56,Sri Lanka,123,36.0,3.41,2,lost,,v Pakistan,Sharjah,22 Oct 1999,,neutral
57,Sri Lanka,123/7,38.1,3.22,2,lost,,v Australia,Port Elizabeth,18 Mar 2003,,neutral
58,Sri Lanka,121,33.4,3.59,2,lost,,v Pakistan,Sharjah,18 Oct 1999,,neutral
59,Sri Lanka,110,35.2,3.11,2,lost,,v South Africa,Northampton,19 May 1999,,neutral
60,Sri Lanka,109,23.0,4.73,2,lost,,v India,Johannesburg,10 Mar 2003,,neutral
61,Sri Lanka,108/3,18.1,5.94,2,won,,v Zimbabwe,Rawalpindi,9 Oct 2004,,neutral
62,Sri Lanka,103,26.2,3.91,1,lost,,v Pakistan,Sharjah,23 Oct 2017,,neutral
63,Sri Lanka,102,45.2,2.25,1,lost,,v West Indies,Brisbane,5 Jan 1996,,neutral
64,Sri Lanka,99,33.3,2.95,2,lost,,v England,Perth,29 Jan 1999,,neutral
65,Sri Lanka,98,39.0,2.51,2,lost,,v India,Sharjah,9 Nov 1998,,neutral
66,Sri Lanka,96,41.0,2.34,1,lost,,v India,Sharjah,8 Apr 1984,,neutral
67,Sri Lanka,96,24.4,3.89,2,lost,,v India,Port of Spain,9 Jul 2013,,neutral
68,Sri Lanka,86,37.2,2.30,1,lost,,v West Indies,Manchester,7 Jun 1975,,neutral
69,Sri Lanka,83/1,13.2,6.22,2,won,,v West Indies,Mumbai (BS),14 Oct 2006,,neutral
70,Sri Lanka,81/2,10.0,8.10,2,won,,v Ireland,St George's,18 Apr 2007,,neutral
71,Sri Lanka,78,16.5,4.63,2,lost,,v Pakistan,Sharjah,17 Apr 2002,,neutral
72,Sri Lanka,55,28.3,1.92,2,lost,,v West Indies,Sharjah,3 Dec 1986,,neutral
73,Sri Lanka,37/1,4.4,7.92,2,won,,v Canada,Paarl,19 Feb 2003,,neutral
74,Sri Lanka,DNB,0.0,-,0,n/r,,v India,Mackay,28 Feb 1992,,neutral
75,Sri Lanka,DNB,0.0,-,0,n/r,,v Pakistan,Singapore,1 Apr 1996,,neutral
76,Sri Lanka,DNB,0.0,-,0,n/r,,v India,Brisbane,5 Feb 2008,,neutral
