,Team,Score,Overs,RPO,Lead,Inns,Result,Unnamed: 7,Opposition,Ground,Start Date,Unnamed: 11
0,Bangladesh,638,196.0,3.25,68,2,draw,,v Sri Lanka,Galle,8 Mar 2013,
1,Bangladesh,595/8d,152.0,3.91,595,1,lost,,v New Zealand,Wellington,12 Jan 2017,
2,Bangladesh,556,148.3,3.74,29,2,lost,,v West Indies,Dhaka,13 Nov 2012,
3,Bangladesh,555/6,136.0,4.08,259,3,draw,,v Pakistan,Khulna,28 Apr 2015,
4,Bangladesh,522/7d,160.0,3.26,522,1,won,,v Zimbabwe,Dhaka,11 Nov 2018,
5,Bangladesh,513,129.5,3.95,513,1,draw,,v Sri Lanka,Chattogram,31 Jan 2018,
6,Bangladesh,508,154.0,3.29,508,1,won,,v West Indies,Dhaka,30 Nov 2018,
7,Bangladesh,503,153.4,3.27,503,1,won,,v Zimbabwe,Chattogram,12 Nov 2014,
8,Bangladesh,501,148.5,3.36,32,2,draw,,v New Zealand,Chattogram,9 Oct 2013,
9,Bangladesh,488,149.3,3.26,488,1,won,,v Zimbabwe,Chittagong,6 Jan 2005,
10,Bangladesh,467,134.1,3.48,129,2,won,,v Sri Lanka,Colombo (PSS),15 Mar 2017,
11,Bangladesh,433,158.5,2.72,433,1,won,,v Zimbabwe,Khulna,3 Nov 2014,
12,Bangladesh,429,103.0,4.16,-52,3,lost,,v New Zealand,Hamilton,28 Feb 2019,
13,Bangladesh,427,123.3,3.45,427,1,lost,,v Australia,Fatullah,9 Apr 2006,
14,Bangladesh,426,119.5,3.55,-161,2,draw,,v Sri Lanka,Chattogram,4 Feb 2014,
15,Bangladesh,419,117.1,3.57,419,1,lost,,v England,Dhaka,20 Mar 2010,
16,Bangladesh,416,135.3,3.07,416,1,draw,,v West Indies,Gros Islet,28 May 2004,
17,Bangladesh,413,126.2,3.26,-107,4,lost,,v Sri Lanka,Dhaka,26 Dec 2008,
18,Bangladesh,408,97.3,4.18,-145,2,lost,,v New Zealand,Hamilton,15 Feb 2010,
19,Bangladesh,400,153.3,2.6,400,1,lost,,v India,Dhaka,10 Nov 2000,
20,Bangladesh,391,113.2,3.45,391,1,won,,v Zimbabwe,Harare,25 Apr 2013,
21,Bangladesh,388,127.5,3.03,-299,2,lost,,v India,Hyderabad (Deccan),9 Feb 2017,
22,Bangladesh,387,91.1,4.24,387,1,lost,,v West Indies,Khulna,21 Nov 2012,
23,Bangladesh,382,110.2,3.46,159,3,lost,,v England,Lord's,27 May 2010,
24,Bangladesh,361,137.5,2.61,361,1,lost,,v Pakistan,Peshawar,27 Aug 2003,
25,Bangladesh,350/9d,122.4,2.85,350,1,draw,,v West Indies,Chattogram,21 Oct 2011,
26,Bangladesh,345,120.1,2.87,276,3,won,,v West Indies,Kingstown,9 Jul 2009,
27,Bangladesh,338,107.2,3.14,338,1,lost,,v Pakistan,Dhaka,17 Dec 2011,
28,Bangladesh,333,91.0,3.65,-207,2,lost,,v India,Chittagong,17 Dec 2004,
29,Bangladesh,332,120.0,2.76,332,1,draw,,v Pakistan,Khulna,28 Apr 2015,
30,Bangladesh,331,115.4,2.86,-110,2,lost,,v Zimbabwe,Harare,19 Feb 2004,
31,Bangladesh,331,124.0,2.66,-181,4,lost,,v England,Chattogram,12 Mar 2010,
32,Bangladesh,328,101.3,3.23,-137,3,lost,,v Sri Lanka,Colombo (SSC),6 Sep 2001,
33,Bangladesh,326,116.1,2.8,78,2,draw,,v South Africa,Chattogram,21 Jul 2015,
34,Bangladesh,324,92.4,3.49,324,1,won,,v West Indies,Chattogram,22 Nov 2018,
35,Bangladesh,320,89.1,3.58,-176,2,lost,,v South Africa,Potchefstroom,28 Sep 2017,
36,Bangladesh,319,91.5,3.47,319,1,lost,,v Sri Lanka,Chattogram,28 Feb 2006,
37,Bangladesh,319/5d,78.0,4.08,448,3,won,,v Zimbabwe,Chattogram,12 Nov 2014,
38,Bangladesh,316,72.5,4.33,-27,3,lost,,v England,Chester-le-Street,3 Jun 2005,
39,Bangladesh,314,113.3,2.76,12,3,lost,,v West Indies,Kingstown,5 Sep 2014,
40,Bangladesh,312,90.3,3.44,1,3,lost,,v India,Dhaka,24 Jan 2010,
41,Bangladesh,312,97.2,3.2,-182,2,lost,,v Sri Lanka,Galle,7 Mar 2017,
42,Bangladesh,307/5d,100.0,3.07,107,3,draw,,v Sri Lanka,Chattogram,31 Jan 2018,
43,Bangladesh,305,113.2,2.69,305,1,lost,,v Australia,Chattogram,4 Sep 2017,
44,Bangladesh,304,80.2,3.78,-80,3,lost,,v Australia,Chattogram,16 Apr 2006,
45,Bangladesh,301,126.4,2.37,10,3,lost,,v Zimbabwe,Chittagong,15 Nov 2001,
46,Bangladesh,301,75.2,3.99,-113,4,lost,,v India,Chattogram,17 Jan 2010,
47,Bangladesh,299,86.2,3.46,-90,3,lost,,v Sri Lanka,Colombo (PSS),3 Jul 2007,
48,Bangladesh,296,90.3,3.27,-303,2,lost,,v England,Chattogram,12 Mar 2010,
49,Bangladesh,296,66.5,4.42,272,3,won,,v England,Dhaka,28 Oct 2016,
50,Bangladesh,295,92.1,3.2,295,1,lost,,v Australia,Cairns,25 Jul 2003,
51,Bangladesh,291/9d,88.0,3.3,400,3,won,,v Zimbabwe,Harare,25 Apr 2013,
52,Bangladesh,289,84.3,3.42,289,1,lost,,v New Zealand,Christchurch,20 Jan 2017,
53,Bangladesh,288,86.3,3.32,288,1,lost,,v Pakistan,Karachi,20 Aug 2003,
54,Bangladesh,287,96.2,2.97,-83,2,lost,,v Zimbabwe,Harare,4 Aug 2011,
55,Bangladesh,287,70.1,4.09,26,3,lost,,v West Indies,Khulna,21 Nov 2012,
56,Bangladesh,285/5,142.0,2.0,-88,4,draw,,v Zimbabwe,Dhaka,14 Jan 2005,
57,Bangladesh,285,102.0,2.79,208,3,lost,,v England,Dhaka,20 Mar 2010,
58,Bangladesh,284,95.0,2.98,284,1,lost,,v West Indies,Kingston,4 Jun 2004,
59,Bangladesh,282,76.0,3.71,-121,4,lost,,v New Zealand,Hamilton,15 Feb 2010,
60,Bangladesh,282,93.0,3.03,-223,2,lost,,v England,Lord's,27 May 2010,
61,Bangladesh,282,74.5,3.76,282,1,draw,,v New Zealand,Dhaka,21 Oct 2013,
62,Bangladesh,281,99.2,2.82,281,1,lost,,v Pakistan,Multan,3 Sep 2003,
63,Bangladesh,278,80.2,3.46,-229,4,lost,,v West Indies,Dhaka,29 Oct 2011,
64,Bangladesh,275,82.3,3.33,-184,3,lost,,v Pakistan,Chattogram,9 Dec 2011,
65,Bangladesh,274,114.1,2.4,216,3,lost,,v Pakistan,Karachi,20 Aug 2003,
66,Bangladesh,271/9d,105.2,2.57,335,3,draw,,v West Indies,Gros Islet,28 May 2004,
67,Bangladesh,271/3,84.4,3.2,-195,4,draw,,v Sri Lanka,Chattogram,4 Feb 2014,
68,Bangladesh,269/3,89.0,3.02,114,3,draw,,v New Zealand,Dhaka,21 Oct 2013,
69,Bangladesh,266,100.0,2.66,99,3,lost,,v Zimbabwe,Harare,26 Apr 2001,
70,Bangladesh,265,100.4,2.63,159,3,lost,,v Sri Lanka,Colombo (RPS),16 Mar 2013,
71,Bangladesh,263,81.3,3.22,-22,4,lost,,v England,Chattogram,20 Oct 2016,
72,Bangladesh,262,70.2,3.72,-101,3,lost,,v New Zealand,Chittagong,26 Oct 2004,
73,Bangladesh,260,78.5,3.29,260,1,won,,v Australia,Dhaka,27 Aug 2017,
74,Bangladesh,259,70.4,3.66,-324,2,lost,,v South Africa,Chattogram,29 Feb 2008,
75,Bangladesh,257,91.3,2.8,257,1,lost,,v Zimbabwe,Bulawayo,19 Apr 2001,
76,Bangladesh,256,65.5,3.88,-206,2,draw,,v India,Fatullah,10 Jun 2015,
77,Bangladesh,255,107.0,2.38,163,3,lost,,v England,Dhaka,21 Oct 2003,
78,Bangladesh,254,120.5,2.1,254,1,lost,,v Zimbabwe,Harare,26 Apr 2001,
79,Bangladesh,254,87.1,2.91,-234,3,lost,,v Sri Lanka,Colombo (SSC),25 Jun 2007,
80,Bangladesh,254,83.1,3.05,34,3,lost,,v New Zealand,Dunedin,4 Jan 2008,
81,Bangladesh,254,98.0,2.59,14,2,won,,v Zimbabwe,Dhaka,25 Oct 2014,
82,Bangladesh,253,57.3,4.4,-239,3,lost,,v India,Dhaka,25 May 2007,
83,Bangladesh,252,87.5,2.86,-107,3,lost,,v South Africa,East London,18 Oct 2002,
84,Bangladesh,251,95.3,2.62,-291,2,lost,,v Zimbabwe,Chittagong,15 Nov 2001,
85,Bangladesh,250,76.2,3.27,250,1,lost,,v South Africa,Centurion,26 Nov 2008,
86,Bangladesh,250,51.5,4.82,-248,3,lost,,v Sri Lanka,Dhaka,27 Jan 2014,
87,Bangladesh,250,100.3,2.48,-208,4,lost,,v India,Hyderabad (Deccan),9 Feb 2017,
88,Bangladesh,248/9d,83.5,2.95,313,3,won,,v Zimbabwe,Khulna,3 Nov 2014,
89,Bangladesh,248,86.0,2.88,-45,2,lost,,v England,Chattogram,20 Oct 2016,
90,Bangladesh,246/8,88.1,2.79,246,1,draw,,v South Africa,Dhaka,30 Jul 2015,
91,Bangladesh,245,122.1,2.0,245,1,lost,,v New Zealand,Chattogram,17 Oct 2008,
92,Bangladesh,244,57.3,4.24,-130,4,lost,,v Zimbabwe,Harare,4 Aug 2011,
93,Bangladesh,242,107.3,2.25,316,3,lost,,v New Zealand,Chattogram,17 Oct 2008,
94,Bangladesh,242,65.2,3.7,-1,2,lost,,v India,Chattogram,17 Jan 2010,
95,Bangladesh,240,83.3,2.87,240,1,lost,,v Sri Lanka,Colombo (RPS),16 Mar 2013,
96,Bangladesh,238,68.2,3.48,-149,2,draw,,v India,Chattogram,18 May 2007,
97,Bangladesh,238,88.2,2.69,238,1,won,,v West Indies,Kingstown,9 Jul 2009,
98,Bangladesh,237,82.4,2.86,-60,3,lost,,v South Africa,Chittagong,24 Apr 2003,
99,Bangladesh,234,76.5,3.04,234,1,lost,,v Sri Lanka,Bogra,8 Mar 2006,
100,Bangladesh,234,82.1,2.84,102,3,lost,,v Pakistan,Dhaka,17 Dec 2011,
101,Bangladesh,234,59.2,3.94,234,1,lost,,v New Zealand,Hamilton,28 Feb 2019,
102,Bangladesh,233,73.5,3.15,233,1,lost,,v India,Dhaka,24 Jan 2010,
103,Bangladesh,232,79.5,2.9,-5,2,won,,v West Indies,St George's,17 Jul 2009,
104,Bangladesh,232,63.5,3.63,232,1,lost,,v Sri Lanka,Dhaka,27 Jan 2014,
105,Bangladesh,231,68.0,3.39,-124,2,lost,,v West Indies,Dhaka,29 Oct 2011,
106,Bangladesh,224/6d,54.0,4.14,442,3,won,,v Zimbabwe,Dhaka,11 Nov 2018,
107,Bangladesh,221,56.5,3.88,-328,4,lost,,v Pakistan,Dhaka,6 May 2015,
108,Bangladesh,221,79.3,2.77,264,3,won,,v Australia,Dhaka,27 Aug 2017,
109,Bangladesh,220,63.5,3.44,220,1,won,,v England,Dhaka,28 Oct 2016,
110,Bangladesh,217/6,54.4,3.96,3,4,won,,v West Indies,St George's,17 Jul 2009,
111,Bangladesh,216,54.1,3.98,-203,2,lost,,v England,Manchester,4 Jun 2010,
112,Bangladesh,215,69.5,3.07,215,1,lost,,v South Africa,Potchefstroom,25 Oct 2002,
113,Bangladesh,212,72.0,2.94,110,3,lost,,v West Indies,Chittagong,16 Dec 2002,
114,Bangladesh,211,78.4,2.68,-87,2,draw,,v Zimbabwe,Dhaka,14 Jan 2005,
115,Bangladesh,211,61.0,3.45,211,1,lost,,v New Zealand,Wellington,8 Mar 2019,
116,Bangladesh,210,83.0,2.53,-18,3,lost,,v South Africa,Dhaka,1 May 2003,
117,Bangladesh,209,56.0,3.73,-12,3,lost,,v New Zealand,Wellington,8 Mar 2019,
118,Bangladesh,208,76.2,2.72,-176,2,lost,,v Sri Lanka,Chattogram,3 Jan 2009,
119,Bangladesh,205,58.1,3.52,-160,2,lost,,v New Zealand,Hamilton,18 Dec 2001,
120,Bangladesh,204/9d,51.1,3.98,380,3,won,,v Zimbabwe,Chittagong,6 Jan 2005,
121,Bangladesh,203,83.5,2.42,203,1,lost,,v England,Dhaka,21 Oct 2003,
122,Bangladesh,203,47.3,4.27,-354,2,lost,,v Pakistan,Dhaka,6 May 2015,
123,Bangladesh,202,53.2,3.78,-140,3,lost,,v India,Dhaka,10 Dec 2004,
124,Bangladesh,201,56.1,3.57,119,3,lost,,v Sri Lanka,Bogra,8 Mar 2006,
125,Bangladesh,197,60.4,3.24,-69,3,lost,,v Sri Lanka,Colombo (PSS),20 Sep 2005,
126,Bangladesh,197,61.2,3.21,197,1,lost,,v Australia,Chattogram,16 Apr 2006,
127,Bangladesh,197,60.2,3.26,-259,4,lost,,v Sri Lanka,Galle,7 Mar 2017,
128,Bangladesh,194,63.1,3.07,194,1,lost,,v West Indies,Chittagong,16 Dec 2002,
129,Bangladesh,192,54.4,3.51,192,1,lost,,v South Africa,Dhaka,22 Feb 2008,
130,Bangladesh,192,77.4,2.47,-296,4,lost,,v West Indies,Gros Islet,13 Sep 2014,
131,Bangladesh,191,45.4,4.18,-266,2,lost,,v Sri Lanka,Colombo (PSS),20 Sep 2005,
132,Bangladesh,191/6,57.5,3.3,1,4,won,,v Sri Lanka,Colombo (PSS),15 Mar 2017,
133,Bangladesh,188,44.0,4.27,188,1,lost,,v Sri Lanka,Colombo (RPS),12 Sep 2005,
134,Bangladesh,184,66.3,2.76,-196,3,lost,,v Sri Lanka,Colombo (PSS),21 Jul 2002,
135,Bangladesh,184,60.4,3.03,-288,4,lost,,v Sri Lanka,Colombo (SSC),28 Jul 2002,
136,Bangladesh,184,57.5,3.18,184,1,lost,,v India,Dhaka,10 Dec 2004,
137,Bangladesh,182,71.2,2.55,-363,2,lost,,v New Zealand,Chittagong,26 Oct 2004,
138,Bangladesh,182,73.0,2.49,204,3,lost,,v South Africa,Dhaka,22 Feb 2008,
139,Bangladesh,182,71.4,2.53,-302,2,lost,,v West Indies,Kingstown,5 Sep 2014,
140,Bangladesh,181,58.5,3.07,162,3,lost,,v Sri Lanka,Chattogram,28 Feb 2006,
141,Bangladesh,178,51.1,3.47,-132,3,lost,,v Australia,Darwin,18 Jul 2003,
142,Bangladesh,178,60.0,2.96,-115,2,lost,,v Sri Lanka,Dhaka,26 Dec 2008,
143,Bangladesh,177,98.5,1.79,177,1,lost,,v New Zealand,Dhaka,19 Oct 2004,
144,Bangladesh,176,51.0,3.45,-99,3,lost,,v West Indies,Kingston,4 Jun 2004,
145,Bangladesh,176,59.0,2.98,-193,3,lost,,v Sri Lanka,Kandy,11 Jul 2007,
146,Bangladesh,173,65.3,2.64,173,1,lost,,v South Africa,Chittagong,24 Apr 2003,
147,Bangladesh,173/3,48.2,3.57,-82,4,draw,,v New Zealand,Chattogram,9 Oct 2013,
148,Bangladesh,173,52.5,3.27,108,3,lost,,v New Zealand,Christchurch,20 Jan 2017,
149,Bangladesh,172,42.4,4.03,-254,3,lost,,v South Africa,Bloemfontein,6 Oct 2017,
150,Bangladesh,170,58.4,2.89,-359,2,lost,,v South Africa,East London,18 Oct 2002,
151,Bangladesh,169,57.5,2.92,-183,4,lost,,v Zimbabwe,Harare,19 Feb 2004,
152,Bangladesh,169/9d,58.1,2.9,-93,2,draw,,v New Zealand,Dhaka,25 Oct 2008,
153,Bangladesh,169,63.1,2.67,-151,4,lost,,v Zimbabwe,Sylhet,3 Nov 2018,
154,Bangladesh,168,58.3,2.87,-32,3,lost,,v Zimbabwe,Bulawayo,19 Apr 2001,
155,Bangladesh,168,75.5,2.21,168,1,draw,,v Zimbabwe,Bulawayo,26 Feb 2004,
156,Bangladesh,168,42.0,4.0,-166,4,lost,,v West Indies,Kingston,12 Jul 2018,
157,Bangladesh,167,54.3,3.06,-77,4,lost,,v West Indies,Dhaka,13 Nov 2012,
158,Bangladesh,164,62.0,2.64,-209,2,lost,,v Sri Lanka,Colombo (SSC),28 Jul 2002,
159,Bangladesh,163,58.4,2.77,-98,3,lost,,v Australia,Cairns,25 Jul 2003,
160,Bangladesh,161,53.4,3.0,161,1,lost,,v Sri Lanka,Colombo (PSS),21 Jul 2002,
161,Bangladesh,161,62.3,2.57,-219,2,lost,,v West Indies,Gros Islet,13 Sep 2014,
162,Bangladesh,160,53.2,3.0,160,1,lost,,v Pakistan,Dhaka,9 Jan 2002,
163,Bangladesh,160,57.5,2.76,216,3,lost,,v New Zealand,Wellington,12 Jan 2017,
164,Bangladesh,159,39.5,3.99,-261,3,lost,,v England,Lord's,26 May 2005,
165,Bangladesh,159,51.5,3.06,-129,3,lost,,v South Africa,Bloemfontein,19 Nov 2008,
166,Bangladesh,158,49.2,3.2,-465,4,lost,,v Sri Lanka,Chattogram,3 Jan 2009,
167,Bangladesh,157,71.2,2.2,85,3,lost,,v Australia,Chattogram,4 Sep 2017,
168,Bangladesh,154,46.3,3.31,260,3,lost,,v Pakistan,Multan,3 Sep 2003,
169,Bangladesh,153,36.4,4.17,-288,2,lost,,v South Africa,Bloemfontein,19 Nov 2008,
170,Bangladesh,152,43.4,3.48,-178,3,lost,,v Pakistan,Dhaka,9 Jan 2002,
171,Bangladesh,152,62.1,2.44,-174,2,lost,,v England,Chittagong,29 Oct 2003,
172,Bangladesh,149,46.1,3.22,-205,2,lost,,v West Indies,Kingston,12 Jul 2018,
173,Bangladesh,148,41.1,3.59,-264,3,lost,,v Pakistan,Multan,29 Aug 2001,
174,Bangladesh,148,56.4,2.61,148,1,lost,,v Pakistan,Chittagong,16 Jan 2002,
175,Bangladesh,148,38.5,3.81,-169,3,lost,,v Pakistan,Chittagong,16 Jan 2002,
176,Bangladesh,148,50.0,2.96,306,3,lost,,v Australia,Fatullah,9 Apr 2006,
177,Bangladesh,147,49.2,2.97,-335,4,lost,,v Zimbabwe,Harare,17 Apr 2013,
178,Bangladesh,147,42.5,3.43,-426,2,lost,,v South Africa,Bloemfontein,6 Oct 2017,
179,Bangladesh,144,40.2,3.57,-219,3,lost,,v West Indies,North Sound,4 Jul 2018,
180,Bangladesh,143,45.3,3.14,143,1,lost,,v New Zealand,Wellington,12 Jan 2008,
181,Bangladesh,143,51.0,2.8,-139,2,lost,,v Zimbabwe,Sylhet,3 Nov 2018,
182,Bangladesh,139,54.1,2.56,139,1,lost,,v West Indies,Dhaka,8 Dec 2002,
183,Bangladesh,138,37.1,3.71,-329,4,lost,,v England,Chittagong,29 Oct 2003,
184,Bangladesh,137,46.1,2.96,137,1,lost,,v New Zealand,Dunedin,4 Jan 2008,
185,Bangladesh,135,41.0,3.29,-74,3,lost,,v New Zealand,Wellington,26 Dec 2001,
186,Bangladesh,135,51.2,2.62,135,1,lost,,v Pakistan,Chattogram,9 Dec 2011,
187,Bangladesh,134,41.1,3.25,134,1,lost,,v Pakistan,Multan,29 Aug 2001,
188,Bangladesh,134,54.1,2.47,-255,2,lost,,v Zimbabwe,Harare,17 Apr 2013,
189,Bangladesh,132,64.0,2.06,132,1,lost,,v New Zealand,Wellington,26 Dec 2001,
190,Bangladesh,131,48.5,2.68,131,1,lost,,v Sri Lanka,Kandy,11 Jul 2007,
191,Bangladesh,131,36.4,3.57,-48,3,lost,,v South Africa,Centurion,26 Nov 2008,
192,Bangladesh,126,54.5,2.29,-99,3,lost,,v New Zealand,Dhaka,19 Oct 2004,
193,Bangladesh,125/3,46.4,2.67,-199,3,draw,,v Zimbabwe,Dhaka,8 Nov 2001,
194,Bangladesh,125,35.5,3.48,203,3,won,,v West Indies,Chattogram,22 Nov 2018,
195,Bangladesh,124,26.4,4.65,-83,3,lost,,v India,Chittagong,17 Dec 2004,
196,Bangladesh,123,34.1,3.6,-80,3,lost,,v England,Manchester,4 Jun 2010,
197,Bangladesh,123,29.3,4.16,-215,4,lost,,v Sri Lanka,Dhaka,8 Feb 2018,
198,Bangladesh,119,39.5,2.98,-205,3,lost,,v South Africa,Chattogram,29 Feb 2008,
199,Bangladesh,119/3d,42.0,2.83,225,3,draw,,v West Indies,Chattogram,21 Oct 2011,
0,Bangladesh,118,37.2,3.16,-492,2,lost,,v India,Dhaka,25 May 2007,
1,Bangladesh,113,47.0,2.4,-137,3,lost,,v New Zealand,Wellington,12 Jan 2008,
2,Bangladesh,110,45.4,2.4,-112,2,lost,,v Sri Lanka,Dhaka,8 Feb 2018,
3,Bangladesh,108,46.2,2.33,-52,3,lost,,v New Zealand,Hamilton,18 Dec 2001,
4,Bangladesh,108,38.2,2.81,108,1,lost,,v England,Lord's,26 May 2005,
5,Bangladesh,107,48.2,2.21,107,1,draw,,v Zimbabwe,Dhaka,8 Nov 2001,
6,Bangladesh,107,30.3,3.5,-160,3,lost,,v South Africa,Potchefstroom,25 Oct 2002,
7,Bangladesh,104,39.5,2.61,104,1,lost,,v England,Chester-le-Street,3 Jun 2005,
8,Bangladesh,104/2,28.0,3.71,-145,4,draw,,v India,Chattogram,18 May 2007,
9,Bangladesh,102,35.5,2.84,-228,2,lost,,v South Africa,Dhaka,1 May 2003,
10,Bangladesh,101/7,33.3,3.01,1,4,won,,v Zimbabwe,Dhaka,25 Oct 2014,
11,Bangladesh,97,42.2,2.29,97,1,lost,,v Australia,Darwin,18 Jul 2003,
12,Bangladesh,96,33.5,2.83,162,3,lost,,v Pakistan,Peshawar,27 Aug 2003,
13,Bangladesh,91,46.3,1.95,62,3,lost,,v India,Dhaka,10 Nov 2000,
14,Bangladesh,90,36.4,2.45,90,1,lost,,v Sri Lanka,Colombo (SSC),6 Sep 2001,
15,Bangladesh,90,32.4,2.75,-333,4,lost,,v South Africa,Potchefstroom,28 Sep 2017,
16,Bangladesh,89,32.3,2.73,89,1,lost,,v Sri Lanka,Colombo (SSC),25 Jun 2007,
17,Bangladesh,87,31.5,2.73,-310,3,lost,,v West Indies,Dhaka,8 Dec 2002,
18,Bangladesh,86,27.4,3.1,-96,3,lost,,v Sri Lanka,Colombo (RPS),12 Sep 2005,
19,Bangladesh,70/1,22.0,3.18,-197,4,draw,,v Sri Lanka,Galle,8 Mar 2013,
20,Bangladesh,62,25.2,2.44,62,1,lost,,v Sri Lanka,Colombo (PSS),3 Jul 2007,
21,Bangladesh,43,18.4,2.3,43,1,lost,,v West Indies,North Sound,4 Jul 2018,
22,Bangladesh,23/0,15.0,1.53,-183,3,draw,,v India,Fatullah,10 Jun 2015,
